FILE_NAME,TIMESTAMP,DURATION
/Users/arahman/TAINTPUP_REPOS/WIKIMEDIA/cdh4/manifests/sqoop.pp,2021-03-14 21:14:20,1.4083
/Users/arahman/TAINTPUP_REPOS/WIKIMEDIA/cdh4/manifests/hadoop.pp,2021-03-14 21:14:21,1.41474
/Users/arahman/TAINTPUP_REPOS/WIKIMEDIA/cdh4/manifests/alternative.pp,2021-03-14 21:14:23,1.40532
/Users/arahman/TAINTPUP_REPOS/WIKIMEDIA/cdh4/manifests/hive.pp,2021-03-14 21:14:24,1.38571
/Users/arahman/TAINTPUP_REPOS/WIKIMEDIA/cdh4/manifests/hue.pp,2021-03-14 21:14:25,1.45138
/Users/arahman/TAINTPUP_REPOS/WIKIMEDIA/cdh4/manifests/oozie.pp,2021-03-14 21:14:27,1.42401
/Users/arahman/TAINTPUP_REPOS/WIKIMEDIA/cdh4/manifests/pig.pp,2021-03-14 21:14:28,1.38571
/Users/arahman/TAINTPUP_REPOS/WIKIMEDIA/cdh4/manifests/oozie/server.pp,2021-03-14 21:14:30,1.43436
/Users/arahman/TAINTPUP_REPOS/WIKIMEDIA/cdh4/manifests/oozie/defaults.pp,2021-03-14 21:14:31,1.37324
/Users/arahman/TAINTPUP_REPOS/WIKIMEDIA/cdh4/manifests/oozie/database/mysql.pp,2021-03-14 21:14:32,1.3808
/Users/arahman/TAINTPUP_REPOS/WIKIMEDIA/cdh4/manifests/hadoop/worker.pp,2021-03-14 21:14:34,1.36797
/Users/arahman/TAINTPUP_REPOS/WIKIMEDIA/cdh4/manifests/hadoop/nodemanager.pp,2021-03-14 21:14:35,1.38342
/Users/arahman/TAINTPUP_REPOS/WIKIMEDIA/cdh4/manifests/hadoop/resourcemanager.pp,2021-03-14 21:14:37,1.38196
/Users/arahman/TAINTPUP_REPOS/WIKIMEDIA/cdh4/manifests/hadoop/httpfs.pp,2021-03-14 21:14:38,1.38599
/Users/arahman/TAINTPUP_REPOS/WIKIMEDIA/cdh4/manifests/hadoop/datanode.pp,2021-03-14 21:14:39,1.37387
/Users/arahman/TAINTPUP_REPOS/WIKIMEDIA/cdh4/manifests/hadoop/namenode.pp,2021-03-14 21:14:41,1.37962
/Users/arahman/TAINTPUP_REPOS/WIKIMEDIA/cdh4/manifests/hadoop/master.pp,2021-03-14 21:14:42,1.36335
/Users/arahman/TAINTPUP_REPOS/WIKIMEDIA/cdh4/manifests/hadoop/historyserver.pp,2021-03-14 21:14:43,1.37879
/Users/arahman/TAINTPUP_REPOS/WIKIMEDIA/cdh4/manifests/hadoop/defaults.pp,2021-03-14 21:14:45,1.37857
/Users/arahman/TAINTPUP_REPOS/WIKIMEDIA/cdh4/manifests/hadoop/directory.pp,2021-03-14 21:14:46,1.37538
/Users/arahman/TAINTPUP_REPOS/WIKIMEDIA/cdh4/manifests/hadoop/journalnode.pp,2021-03-14 21:14:48,1.36648
/Users/arahman/TAINTPUP_REPOS/WIKIMEDIA/cdh4/manifests/hadoop/namenode/standby.pp,2021-03-14 21:14:49,1.36869
/Users/arahman/TAINTPUP_REPOS/WIKIMEDIA/cdh4/manifests/hadoop/namenode/primary.pp,2021-03-14 21:14:50,1.4266
/Users/arahman/TAINTPUP_REPOS/WIKIMEDIA/cdh4/manifests/hadoop/jmxtrans/worker.pp,2021-03-14 21:14:52,1.37676
/Users/arahman/TAINTPUP_REPOS/WIKIMEDIA/cdh4/manifests/hadoop/jmxtrans/nodemanager.pp,2021-03-14 21:14:53,1.39861
/Users/arahman/TAINTPUP_REPOS/WIKIMEDIA/cdh4/manifests/hadoop/jmxtrans/resourcemanager.pp,2021-03-14 21:14:55,1.49076
/Users/arahman/TAINTPUP_REPOS/WIKIMEDIA/cdh4/manifests/hadoop/jmxtrans/datanode.pp,2021-03-14 21:14:56,1.40844
/Users/arahman/TAINTPUP_REPOS/WIKIMEDIA/cdh4/manifests/hadoop/jmxtrans/namenode.pp,2021-03-14 21:14:57,1.40488
/Users/arahman/TAINTPUP_REPOS/WIKIMEDIA/cdh4/manifests/hadoop/jmxtrans/master.pp,2021-03-14 21:14:59,1.38195
/Users/arahman/TAINTPUP_REPOS/WIKIMEDIA/cdh4/manifests/hadoop/worker/paths.pp,2021-03-14 21:15:00,1.48991
/Users/arahman/TAINTPUP_REPOS/WIKIMEDIA/cdh4/manifests/hive/server.pp,2021-03-14 21:15:02,1.45281
/Users/arahman/TAINTPUP_REPOS/WIKIMEDIA/cdh4/manifests/hive/master.pp,2021-03-14 21:15:03,1.48418
/Users/arahman/TAINTPUP_REPOS/WIKIMEDIA/cdh4/manifests/hive/defaults.pp,2021-03-14 21:15:05,1.4147
/Users/arahman/TAINTPUP_REPOS/WIKIMEDIA/cdh4/manifests/hive/metastore.pp,2021-03-14 21:15:06,1.41454
/Users/arahman/TAINTPUP_REPOS/WIKIMEDIA/cdh4/manifests/hive/metastore/mysql.pp,2021-03-14 21:15:08,1.52628
/Users/arahman/TAINTPUP_REPOS/WIKIMEDIA/cdh4/manifests/hue/defaults.pp,2021-03-14 21:15:09,1.44335
/Users/arahman/TAINTPUP_REPOS/WIKIMEDIA/mariadb/manifests/service.pp,2021-03-14 21:15:10,1.39208
/Users/arahman/TAINTPUP_REPOS/WIKIMEDIA/mariadb/manifests/config.pp,2021-03-14 21:15:12,1.43421
/Users/arahman/TAINTPUP_REPOS/WIKIMEDIA/mariadb/manifests/monitor_replication.pp,2021-03-14 21:15:13,1.39058
/Users/arahman/TAINTPUP_REPOS/WIKIMEDIA/mariadb/manifests/packages.pp,2021-03-14 21:15:15,1.40507
/Users/arahman/TAINTPUP_REPOS/WIKIMEDIA/mariadb/manifests/monitor_process.pp,2021-03-14 21:15:16,1.47559
/Users/arahman/TAINTPUP_REPOS/WIKIMEDIA/mariadb/manifests/packages_wmf.pp,2021-03-14 21:15:18,1.46068
/Users/arahman/TAINTPUP_REPOS/WIKIMEDIA/mariadb/manifests/heartbeat.pp,2021-03-14 21:15:19,1.44729
/Users/arahman/TAINTPUP_REPOS/WIKIMEDIA/mariadb/manifests/monitor_disk.pp,2021-03-14 21:15:21,1.49267
/Users/arahman/TAINTPUP_REPOS/WIKIMEDIA/mariadb/manifests/init.pp,2021-03-14 21:15:22,1.46944
/Users/arahman/TAINTPUP_REPOS/WIKIMEDIA/mariadb/manifests/packages_client.pp,2021-03-14 21:15:23,1.43581
/Users/arahman/TAINTPUP_REPOS/WIKIMEDIA/mariadb/manifests/mylvmbackup.pp,2021-03-14 21:15:25,1.39755
/Users/arahman/TAINTPUP_REPOS/WIKIMEDIA/mariadb/manifests/mysqld_safe.pp,2021-03-14 21:15:26,1.39907
/Users/arahman/TAINTPUP_REPOS/WIKIMEDIA/vagrant/puppet/manifests/site.pp,2021-03-14 21:15:28,1.38746
/Users/arahman/TAINTPUP_REPOS/WIKIMEDIA/vagrant/puppet/modules/mtail/manifests/program.pp,2021-03-14 21:15:29,1.43003
/Users/arahman/TAINTPUP_REPOS/WIKIMEDIA/vagrant/puppet/modules/mtail/manifests/init.pp,2021-03-14 21:15:31,1.45257
/Users/arahman/TAINTPUP_REPOS/WIKIMEDIA/vagrant/puppet/modules/smashpig/manifests/init.pp,2021-03-14 21:15:32,1.40467
/Users/arahman/TAINTPUP_REPOS/WIKIMEDIA/vagrant/puppet/modules/citoid/manifests/init.pp,2021-03-14 21:15:33,1.43063
/Users/arahman/TAINTPUP_REPOS/WIKIMEDIA/vagrant/puppet/modules/misc/manifests/evergreen.pp,2021-03-14 21:15:35,1.41352
/Users/arahman/TAINTPUP_REPOS/WIKIMEDIA/vagrant/puppet/modules/misc/manifests/init.pp,2021-03-14 21:15:36,1.39972
/Users/arahman/TAINTPUP_REPOS/WIKIMEDIA/vagrant/puppet/modules/mobilecontentservice/manifests/init.pp,2021-03-14 21:15:38,1.40196
/Users/arahman/TAINTPUP_REPOS/WIKIMEDIA/vagrant/puppet/modules/changeprop/manifests/init.pp,2021-03-14 21:15:39,1.43664
/Users/arahman/TAINTPUP_REPOS/WIKIMEDIA/vagrant/puppet/modules/payments/manifests/donation_interface.pp,2021-03-14 21:15:40,1.44093
/Users/arahman/TAINTPUP_REPOS/WIKIMEDIA/vagrant/puppet/modules/payments/manifests/init.pp,2021-03-14 21:15:42,1.3811
/Users/arahman/TAINTPUP_REPOS/WIKIMEDIA/vagrant/puppet/modules/wikitools/manifests/init.pp,2021-03-14 21:15:43,1.39826
/Users/arahman/TAINTPUP_REPOS/WIKIMEDIA/vagrant/puppet/modules/role/manifests/jsonconfig.pp,2021-03-14 21:15:45,1.39289
/Users/arahman/TAINTPUP_REPOS/WIKIMEDIA/vagrant/puppet/modules/role/manifests/globalcssjs.pp,2021-03-14 21:15:46,1.38289
/Users/arahman/TAINTPUP_REPOS/WIKIMEDIA/vagrant/puppet/modules/role/manifests/contenttranslation.pp,2021-03-14 21:15:47,1.37994
/Users/arahman/TAINTPUP_REPOS/WIKIMEDIA/vagrant/puppet/modules/role/manifests/memcached.pp,2021-03-14 21:15:49,1.41402
/Users/arahman/TAINTPUP_REPOS/WIKIMEDIA/vagrant/puppet/modules/role/manifests/featuredfeeds.pp,2021-03-14 21:15:50,1.41652
/Users/arahman/TAINTPUP_REPOS/WIKIMEDIA/vagrant/puppet/modules/role/manifests/accountinfo.pp,2021-03-14 21:15:52,1.45743
/Users/arahman/TAINTPUP_REPOS/WIKIMEDIA/vagrant/puppet/modules/role/manifests/shorturl.pp,2021-03-14 21:15:53,1.44733
/Users/arahman/TAINTPUP_REPOS/WIKIMEDIA/vagrant/puppet/modules/role/manifests/cassandra.pp,2021-03-14 21:15:54,1.37873
/Users/arahman/TAINTPUP_REPOS/WIKIMEDIA/vagrant/puppet/modules/role/manifests/centralnotice.pp,2021-03-14 21:15:56,1.46989
/Users/arahman/TAINTPUP_REPOS/WIKIMEDIA/vagrant/puppet/modules/role/manifests/semanticresultformats.pp,2021-03-14 21:15:57,1.51527
/Users/arahman/TAINTPUP_REPOS/WIKIMEDIA/vagrant/puppet/modules/role/manifests/oauthauthentication.pp,2021-03-14 21:15:59,1.41811
/Users/arahman/TAINTPUP_REPOS/WIKIMEDIA/vagrant/puppet/modules/role/manifests/mediainfo.pp,2021-03-14 21:16:00,1.42595
/Users/arahman/TAINTPUP_REPOS/WIKIMEDIA/vagrant/puppet/modules/role/manifests/templatestyles.pp,2021-03-14 21:16:02,1.39257
/Users/arahman/TAINTPUP_REPOS/WIKIMEDIA/vagrant/puppet/modules/role/manifests/simple_miser.pp,2021-03-14 21:16:03,1.38978
/Users/arahman/TAINTPUP_REPOS/WIKIMEDIA/vagrant/puppet/modules/role/manifests/relatedarticles.pp,2021-03-14 21:16:05,1.42074
/Users/arahman/TAINTPUP_REPOS/WIKIMEDIA/vagrant/puppet/modules/role/manifests/cirrussearch.pp,2021-03-14 21:16:06,1.43366
/Users/arahman/TAINTPUP_REPOS/WIKIMEDIA/vagrant/puppet/modules/role/manifests/maps.pp,2021-03-14 21:16:07,1.40393
/Users/arahman/TAINTPUP_REPOS/WIKIMEDIA/vagrant/puppet/modules/role/manifests/commonsmetadata.pp,2021-03-14 21:16:09,1.46376
/Users/arahman/TAINTPUP_REPOS/WIKIMEDIA/vagrant/puppet/modules/role/manifests/wikimediamaintenance.pp,2021-03-14 21:16:10,1.45536
/Users/arahman/TAINTPUP_REPOS/WIKIMEDIA/vagrant/puppet/modules/role/manifests/commons_datasets.pp,2021-03-14 21:16:12,1.47848
/Users/arahman/TAINTPUP_REPOS/WIKIMEDIA/vagrant/puppet/modules/role/manifests/wikipediaextracts.pp,2021-03-14 21:16:13,1.39223
/Users/arahman/TAINTPUP_REPOS/WIKIMEDIA/vagrant/puppet/modules/role/manifests/raita.pp,2021-03-14 21:16:15,1.38345
/Users/arahman/TAINTPUP_REPOS/WIKIMEDIA/vagrant/puppet/modules/role/manifests/doublewiki.pp,2021-03-14 21:16:16,1.41999
/Users/arahman/TAINTPUP_REPOS/WIKIMEDIA/vagrant/puppet/modules/role/manifests/wikimediamessages.pp,2021-03-14 21:16:17,1.40504
/Users/arahman/TAINTPUP_REPOS/WIKIMEDIA/vagrant/puppet/modules/role/manifests/cologneblue.pp,2021-03-14 21:16:19,1.43374
/Users/arahman/TAINTPUP_REPOS/WIKIMEDIA/vagrant/puppet/modules/role/manifests/apex.pp,2021-03-14 21:16:20,1.52764
/Users/arahman/TAINTPUP_REPOS/WIKIMEDIA/vagrant/puppet/modules/role/manifests/pronunciationrecording.pp,2021-03-14 21:16:22,1.38492
/Users/arahman/TAINTPUP_REPOS/WIKIMEDIA/vagrant/puppet/modules/role/manifests/headertabs.pp,2021-03-14 21:16:23,1.39053
/Users/arahman/TAINTPUP_REPOS/WIKIMEDIA/vagrant/puppet/modules/role/manifests/cite.pp,2021-03-14 21:16:25,1.4312
/Users/arahman/TAINTPUP_REPOS/WIKIMEDIA/vagrant/puppet/modules/role/manifests/quiz.pp,2021-03-14 21:16:26,1.48642
/Users/arahman/TAINTPUP_REPOS/WIKIMEDIA/vagrant/puppet/modules/role/manifests/geshi.pp,2021-03-14 21:16:28,1.51736
/Users/arahman/TAINTPUP_REPOS/WIKIMEDIA/vagrant/puppet/modules/role/manifests/translate.pp,2021-03-14 21:16:29,1.41938
/Users/arahman/TAINTPUP_REPOS/WIKIMEDIA/vagrant/puppet/modules/role/manifests/eventlogging.pp,2021-03-14 21:16:30,1.51175
/Users/arahman/TAINTPUP_REPOS/WIKIMEDIA/vagrant/puppet/modules/role/manifests/greystuff.pp,2021-03-14 21:16:32,1.43686
/Users/arahman/TAINTPUP_REPOS/WIKIMEDIA/vagrant/puppet/modules/role/manifests/externalstore.pp,2021-03-14 21:16:33,1.42276
/Users/arahman/TAINTPUP_REPOS/WIKIMEDIA/vagrant/puppet/modules/role/manifests/elk.pp,2021-03-14 21:16:35,1.47051
/Users/arahman/TAINTPUP_REPOS/WIKIMEDIA/vagrant/puppet/modules/role/manifests/hhvm.pp,2021-03-14 21:16:36,1.37753
/Users/arahman/TAINTPUP_REPOS/WIKIMEDIA/vagrant/puppet/modules/role/manifests/payments.pp,2021-03-14 21:16:38,1.40876
/Users/arahman/TAINTPUP_REPOS/WIKIMEDIA/vagrant/puppet/modules/role/manifests/performanceinspector.pp,2021-03-14 21:16:39,1.39586
/Users/arahman/TAINTPUP_REPOS/WIKIMEDIA/vagrant/puppet/modules/role/manifests/urlshortener.pp,2021-03-14 21:16:40,1.40023
/Users/arahman/TAINTPUP_REPOS/WIKIMEDIA/vagrant/puppet/modules/role/manifests/huggle.pp,2021-03-14 21:16:42,1.40765
/Users/arahman/TAINTPUP_REPOS/WIKIMEDIA/vagrant/puppet/modules/role/manifests/jade.pp,2021-03-14 21:16:43,1.39652
/Users/arahman/TAINTPUP_REPOS/WIKIMEDIA/vagrant/puppet/modules/role/manifests/pageassessments.pp,2021-03-14 21:16:45,1.41571
/Users/arahman/TAINTPUP_REPOS/WIKIMEDIA/vagrant/puppet/modules/role/manifests/psr3.pp,2021-03-14 21:16:46,1.47604
/Users/arahman/TAINTPUP_REPOS/WIKIMEDIA/vagrant/puppet/modules/role/manifests/massaction.pp,2021-03-14 21:16:48,1.44271
/Users/arahman/TAINTPUP_REPOS/WIKIMEDIA/vagrant/puppet/modules/role/manifests/fss.pp,2021-03-14 21:16:49,1.47334
/Users/arahman/TAINTPUP_REPOS/WIKIMEDIA/vagrant/puppet/modules/role/manifests/pageviewinfo.pp,2021-03-14 21:16:50,1.45159
/Users/arahman/TAINTPUP_REPOS/WIKIMEDIA/vagrant/puppet/modules/role/manifests/youtube.pp,2021-03-14 21:16:52,1.57101
/Users/arahman/TAINTPUP_REPOS/WIKIMEDIA/vagrant/puppet/modules/role/manifests/buggy.pp,2021-03-14 21:16:53,1.42478
/Users/arahman/TAINTPUP_REPOS/WIKIMEDIA/vagrant/puppet/modules/role/manifests/wikidiff2.pp,2021-03-14 21:16:55,1.47931
/Users/arahman/TAINTPUP_REPOS/WIKIMEDIA/vagrant/puppet/modules/role/manifests/wikimediaevents.pp,2021-03-14 21:16:56,1.51573
/Users/arahman/TAINTPUP_REPOS/WIKIMEDIA/vagrant/puppet/modules/role/manifests/checkuser.pp,2021-03-14 21:16:58,1.47271
/Users/arahman/TAINTPUP_REPOS/WIKIMEDIA/vagrant/puppet/modules/role/manifests/fileimporter.pp,2021-03-14 21:16:59,1.45964
/Users/arahman/TAINTPUP_REPOS/WIKIMEDIA/vagrant/puppet/modules/role/manifests/mediawiki.pp,2021-03-14 21:17:01,1.47825
/Users/arahman/TAINTPUP_REPOS/WIKIMEDIA/vagrant/puppet/modules/role/manifests/molhandler.pp,2021-03-14 21:17:02,1.47472
/Users/arahman/TAINTPUP_REPOS/WIKIMEDIA/vagrant/puppet/modules/role/manifests/quicksurveys.pp,2021-03-14 21:17:04,1.52166
/Users/arahman/TAINTPUP_REPOS/WIKIMEDIA/vagrant/puppet/modules/role/manifests/mysql_strict.pp,2021-03-14 21:17:05,1.5137
/Users/arahman/TAINTPUP_REPOS/WIKIMEDIA/vagrant/puppet/modules/role/manifests/keystone.pp,2021-03-14 21:17:07,1.52885
/Users/arahman/TAINTPUP_REPOS/WIKIMEDIA/vagrant/puppet/modules/role/manifests/ocg.pp,2021-03-14 21:17:08,1.50496
/Users/arahman/TAINTPUP_REPOS/WIKIMEDIA/vagrant/puppet/modules/role/manifests/openbadges.pp,2021-03-14 21:17:10,1.47682
/Users/arahman/TAINTPUP_REPOS/WIKIMEDIA/vagrant/puppet/modules/role/manifests/torblock.pp,2021-03-14 21:17:11,1.47196
/Users/arahman/TAINTPUP_REPOS/WIKIMEDIA/vagrant/puppet/modules/role/manifests/gettingstarted.pp,2021-03-14 21:17:13,1.47395
/Users/arahman/TAINTPUP_REPOS/WIKIMEDIA/vagrant/puppet/modules/role/manifests/poem.pp,2021-03-14 21:17:14,1.49047
/Users/arahman/TAINTPUP_REPOS/WIKIMEDIA/vagrant/puppet/modules/role/manifests/https.pp,2021-03-14 21:17:16,1.45418
/Users/arahman/TAINTPUP_REPOS/WIKIMEDIA/vagrant/puppet/modules/role/manifests/phragile.pp,2021-03-14 21:17:17,1.45532
/Users/arahman/TAINTPUP_REPOS/WIKIMEDIA/vagrant/puppet/modules/role/manifests/sitematrix.pp,2021-03-14 21:17:19,1.40799
/Users/arahman/TAINTPUP_REPOS/WIKIMEDIA/vagrant/puppet/modules/role/manifests/contactpage.pp,2021-03-14 21:17:20,1.40599
/Users/arahman/TAINTPUP_REPOS/WIKIMEDIA/vagrant/puppet/modules/role/manifests/variables.pp,2021-03-14 21:17:21,1.45104
/Users/arahman/TAINTPUP_REPOS/WIKIMEDIA/vagrant/puppet/modules/role/manifests/uploadslink.pp,2021-03-14 21:17:23,1.40236
/Users/arahman/TAINTPUP_REPOS/WIKIMEDIA/vagrant/puppet/modules/role/manifests/wikidatapagebanner.pp,2021-03-14 21:17:24,1.42945
/Users/arahman/TAINTPUP_REPOS/WIKIMEDIA/vagrant/puppet/modules/role/manifests/disambiguator.pp,2021-03-14 21:17:26,1.47147
/Users/arahman/TAINTPUP_REPOS/WIKIMEDIA/vagrant/puppet/modules/role/manifests/betafeatures.pp,2021-03-14 21:17:27,1.44029
/Users/arahman/TAINTPUP_REPOS/WIKIMEDIA/vagrant/puppet/modules/role/manifests/emailauth.pp,2021-03-14 21:17:29,1.48003
/Users/arahman/TAINTPUP_REPOS/WIKIMEDIA/vagrant/puppet/modules/role/manifests/interwiki.pp,2021-03-14 21:17:30,1.42721
/Users/arahman/TAINTPUP_REPOS/WIKIMEDIA/vagrant/puppet/modules/role/manifests/pdfhandler.pp,2021-03-14 21:17:32,1.51377
/Users/arahman/TAINTPUP_REPOS/WIKIMEDIA/vagrant/puppet/modules/role/manifests/newusermessage.pp,2021-03-14 21:17:33,1.44008
/Users/arahman/TAINTPUP_REPOS/WIKIMEDIA/vagrant/puppet/modules/role/manifests/gadgets2.pp,2021-03-14 21:17:34,1.39944
/Users/arahman/TAINTPUP_REPOS/WIKIMEDIA/vagrant/puppet/modules/role/manifests/restbase.pp,2021-03-14 21:17:36,1.47395
/Users/arahman/TAINTPUP_REPOS/WIKIMEDIA/vagrant/puppet/modules/role/manifests/ores.pp,2021-03-14 21:17:37,1.43454
/Users/arahman/TAINTPUP_REPOS/WIKIMEDIA/vagrant/puppet/modules/role/manifests/parserfunctions.pp,2021-03-14 21:17:39,1.40919
/Users/arahman/TAINTPUP_REPOS/WIKIMEDIA/vagrant/puppet/modules/role/manifests/wikitech.pp,2021-03-14 21:17:40,1.41369
/Users/arahman/TAINTPUP_REPOS/WIKIMEDIA/vagrant/puppet/modules/role/manifests/graph.pp,2021-03-14 21:17:42,1.41267
/Users/arahman/TAINTPUP_REPOS/WIKIMEDIA/vagrant/puppet/modules/role/manifests/vipsscaler.pp,2021-03-14 21:17:43,1.48121
/Users/arahman/TAINTPUP_REPOS/WIKIMEDIA/vagrant/puppet/modules/role/manifests/labs_initial_content.pp,2021-03-14 21:17:45,1.42131
/Users/arahman/TAINTPUP_REPOS/WIKIMEDIA/vagrant/puppet/modules/role/manifests/throttleoverride.pp,2021-03-14 21:17:46,1.40877
/Users/arahman/TAINTPUP_REPOS/WIKIMEDIA/vagrant/puppet/modules/role/manifests/gpgmail.pp,2021-03-14 21:17:47,1.40634
/Users/arahman/TAINTPUP_REPOS/WIKIMEDIA/vagrant/puppet/modules/role/manifests/articlecreationworkflow.pp,2021-03-14 21:17:49,1.40802
/Users/arahman/TAINTPUP_REPOS/WIKIMEDIA/vagrant/puppet/modules/role/manifests/kartotherian.pp,2021-03-14 21:17:50,1.41044
/Users/arahman/TAINTPUP_REPOS/WIKIMEDIA/vagrant/puppet/modules/role/manifests/whoops.pp,2021-03-14 21:17:52,1.49781
/Users/arahman/TAINTPUP_REPOS/WIKIMEDIA/vagrant/puppet/modules/role/manifests/geodata_elastic.pp,2021-03-14 21:17:53,1.52997
/Users/arahman/TAINTPUP_REPOS/WIKIMEDIA/vagrant/puppet/modules/role/manifests/timedmediahandler.pp,2021-03-14 21:17:55,1.53703
/Users/arahman/TAINTPUP_REPOS/WIKIMEDIA/vagrant/puppet/modules/role/manifests/horizon.pp,2021-03-14 21:17:56,1.53755
/Users/arahman/TAINTPUP_REPOS/WIKIMEDIA/vagrant/puppet/modules/role/manifests/scribunto.pp,2021-03-14 21:17:58,1.62162
/Users/arahman/TAINTPUP_REPOS/WIKIMEDIA/vagrant/puppet/modules/role/manifests/gadgets.pp,2021-03-14 21:17:59,1.48709
/Users/arahman/TAINTPUP_REPOS/WIKIMEDIA/vagrant/puppet/modules/role/manifests/mathoid.pp,2021-03-14 21:18:01,1.51024
/Users/arahman/TAINTPUP_REPOS/WIKIMEDIA/vagrant/puppet/modules/role/manifests/wikimediaincubator.pp,2021-03-14 21:18:02,1.58525
/Users/arahman/TAINTPUP_REPOS/WIKIMEDIA/vagrant/puppet/modules/role/manifests/kartographerwv.pp,2021-03-14 21:18:04,1.60069
/Users/arahman/TAINTPUP_REPOS/WIKIMEDIA/vagrant/puppet/modules/role/manifests/mobileapp.pp,2021-03-14 21:18:06,1.78443
/Users/arahman/TAINTPUP_REPOS/WIKIMEDIA/vagrant/puppet/modules/role/manifests/striker.pp,2021-03-14 21:18:08,1.71587
/Users/arahman/TAINTPUP_REPOS/WIKIMEDIA/vagrant/puppet/modules/role/manifests/antispoof.pp,2021-03-14 21:18:09,1.70368
/Users/arahman/TAINTPUP_REPOS/WIKIMEDIA/vagrant/puppet/modules/role/manifests/ldapauth.pp,2021-03-14 21:18:11,1.69758
/Users/arahman/TAINTPUP_REPOS/WIKIMEDIA/vagrant/puppet/modules/role/manifests/centralauth.pp,2021-03-14 21:18:13,1.7012
/Users/arahman/TAINTPUP_REPOS/WIKIMEDIA/vagrant/puppet/modules/role/manifests/wikispeech.pp,2021-03-14 21:18:14,1.5815
/Users/arahman/TAINTPUP_REPOS/WIKIMEDIA/vagrant/puppet/modules/role/manifests/mathsearch.pp,2021-03-14 21:18:16,1.53496
/Users/arahman/TAINTPUP_REPOS/WIKIMEDIA/vagrant/puppet/modules/role/manifests/education.pp,2021-03-14 21:18:17,1.55904
/Users/arahman/TAINTPUP_REPOS/WIKIMEDIA/vagrant/puppet/modules/role/manifests/poolcounter.pp,2021-03-14 21:18:19,1.48584
/Users/arahman/TAINTPUP_REPOS/WIKIMEDIA/vagrant/puppet/modules/role/manifests/offline.pp,2021-03-14 21:18:20,1.47622
/Users/arahman/TAINTPUP_REPOS/WIKIMEDIA/vagrant/puppet/modules/role/manifests/testwiki.pp,2021-03-14 21:18:22,1.4691
/Users/arahman/TAINTPUP_REPOS/WIKIMEDIA/vagrant/puppet/modules/role/manifests/flow.pp,2021-03-14 21:18:23,1.45551
/Users/arahman/TAINTPUP_REPOS/WIKIMEDIA/vagrant/puppet/modules/role/manifests/thumb_on_404.pp,2021-03-14 21:18:25,1.57353
/Users/arahman/TAINTPUP_REPOS/WIKIMEDIA/vagrant/puppet/modules/role/manifests/questycaptcha.pp,2021-03-14 21:18:26,1.46719
/Users/arahman/TAINTPUP_REPOS/WIKIMEDIA/vagrant/puppet/modules/role/manifests/citoid.pp,2021-03-14 21:18:28,1.51631
/Users/arahman/TAINTPUP_REPOS/WIKIMEDIA/vagrant/puppet/modules/role/manifests/fundraising.pp,2021-03-14 21:18:30,1.82274
/Users/arahman/TAINTPUP_REPOS/WIKIMEDIA/vagrant/puppet/modules/role/manifests/zero.pp,2021-03-14 21:18:31,1.68382
/Users/arahman/TAINTPUP_REPOS/WIKIMEDIA/vagrant/puppet/modules/role/manifests/codemirror.pp,2021-03-14 21:18:33,1.69961
/Users/arahman/TAINTPUP_REPOS/WIKIMEDIA/vagrant/puppet/modules/role/manifests/wikieditor.pp,2021-03-14 21:18:35,1.78537
/Users/arahman/TAINTPUP_REPOS/WIKIMEDIA/vagrant/puppet/modules/role/manifests/mobilecontentservice.pp,2021-03-14 21:18:37,1.81494
/Users/arahman/TAINTPUP_REPOS/WIKIMEDIA/vagrant/puppet/modules/role/manifests/semanticmediawiki.pp,2021-03-14 21:18:38,1.71218
/Users/arahman/TAINTPUP_REPOS/WIKIMEDIA/vagrant/puppet/modules/role/manifests/gwtoolset.pp,2021-03-14 21:18:40,1.6439
/Users/arahman/TAINTPUP_REPOS/WIKIMEDIA/vagrant/puppet/modules/role/manifests/globaluserpage.pp,2021-03-14 21:18:41,1.54046
/Users/arahman/TAINTPUP_REPOS/WIKIMEDIA/vagrant/puppet/modules/role/manifests/quips.pp,2021-03-14 21:18:43,1.57776
/Users/arahman/TAINTPUP_REPOS/WIKIMEDIA/vagrant/puppet/modules/role/manifests/campaigns.pp,2021-03-14 21:18:45,1.53151
/Users/arahman/TAINTPUP_REPOS/WIKIMEDIA/vagrant/puppet/modules/role/manifests/oathauth.pp,2021-03-14 21:18:46,1.52089
/Users/arahman/TAINTPUP_REPOS/WIKIMEDIA/vagrant/puppet/modules/role/manifests/globalpreferences.pp,2021-03-14 21:18:48,1.5268
/Users/arahman/TAINTPUP_REPOS/WIKIMEDIA/vagrant/puppet/modules/role/manifests/embedvideo.pp,2021-03-14 21:18:49,1.43256
/Users/arahman/TAINTPUP_REPOS/WIKIMEDIA/vagrant/puppet/modules/role/manifests/iegreview.pp,2021-03-14 21:18:51,1.50447
/Users/arahman/TAINTPUP_REPOS/WIKIMEDIA/vagrant/puppet/modules/role/manifests/invitesignup.pp,2021-03-14 21:18:52,1.64646
/Users/arahman/TAINTPUP_REPOS/WIKIMEDIA/vagrant/puppet/modules/role/manifests/mobilefrontend.pp,2021-03-14 21:18:54,2.18367
/Users/arahman/TAINTPUP_REPOS/WIKIMEDIA/vagrant/puppet/modules/role/manifests/imagemap.pp,2021-03-14 21:18:57,2.32237
/Users/arahman/TAINTPUP_REPOS/WIKIMEDIA/vagrant/puppet/modules/role/manifests/widgets.pp,2021-03-14 21:18:59,2.52349
/Users/arahman/TAINTPUP_REPOS/WIKIMEDIA/vagrant/puppet/modules/role/manifests/iabot.pp,2021-03-14 21:19:02,2.26317
/Users/arahman/TAINTPUP_REPOS/WIKIMEDIA/vagrant/puppet/modules/role/manifests/templatesandbox.pp,2021-03-14 21:19:03,1.88883
/Users/arahman/TAINTPUP_REPOS/WIKIMEDIA/vagrant/puppet/modules/role/manifests/mleb.pp,2021-03-14 21:19:05,1.77776
/Users/arahman/TAINTPUP_REPOS/WIKIMEDIA/vagrant/puppet/modules/role/manifests/jsduck.pp,2021-03-14 21:19:07,1.65085
/Users/arahman/TAINTPUP_REPOS/WIKIMEDIA/vagrant/puppet/modules/role/manifests/multimediaviewer.pp,2021-03-14 21:19:08,1.61294
/Users/arahman/TAINTPUP_REPOS/WIKIMEDIA/vagrant/puppet/modules/role/manifests/titleblacklist.pp,2021-03-14 21:19:10,1.55113
/Users/arahman/TAINTPUP_REPOS/WIKIMEDIA/vagrant/puppet/modules/role/manifests/thumbor.pp,2021-03-14 21:19:12,1.52624
/Users/arahman/TAINTPUP_REPOS/WIKIMEDIA/vagrant/puppet/modules/role/manifests/commons.pp,2021-03-14 21:19:13,1.61614
/Users/arahman/TAINTPUP_REPOS/WIKIMEDIA/vagrant/puppet/modules/role/manifests/guidedtour.pp,2021-03-14 21:19:15,1.57658
/Users/arahman/TAINTPUP_REPOS/WIKIMEDIA/vagrant/puppet/modules/role/manifests/textextracts.pp,2021-03-14 21:19:16,1.51528
/Users/arahman/TAINTPUP_REPOS/WIKIMEDIA/vagrant/puppet/modules/role/manifests/parsermigration.pp,2021-03-14 21:19:18,1.53066
/Users/arahman/TAINTPUP_REPOS/WIKIMEDIA/vagrant/puppet/modules/role/manifests/wikibase_repo.pp,2021-03-14 21:19:19,1.5426
/Users/arahman/TAINTPUP_REPOS/WIKIMEDIA/vagrant/puppet/modules/role/manifests/proofreadpage.pp,2021-03-14 21:19:21,1.51167
/Users/arahman/TAINTPUP_REPOS/WIKIMEDIA/vagrant/puppet/modules/role/manifests/categorytree.pp,2021-03-14 21:19:22,1.49968
/Users/arahman/TAINTPUP_REPOS/WIKIMEDIA/vagrant/puppet/modules/role/manifests/codeeditor.pp,2021-03-14 21:19:24,1.60529
/Users/arahman/TAINTPUP_REPOS/WIKIMEDIA/vagrant/puppet/modules/role/manifests/svg.pp,2021-03-14 21:19:26,1.63866
/Users/arahman/TAINTPUP_REPOS/WIKIMEDIA/vagrant/puppet/modules/role/manifests/usermerge.pp,2021-03-14 21:19:27,1.53702
/Users/arahman/TAINTPUP_REPOS/WIKIMEDIA/vagrant/puppet/modules/role/manifests/wikihiero.pp,2021-03-14 21:19:29,1.54587
/Users/arahman/TAINTPUP_REPOS/WIKIMEDIA/vagrant/puppet/modules/role/manifests/babel.pp,2021-03-14 21:19:30,1.48624
/Users/arahman/TAINTPUP_REPOS/WIKIMEDIA/vagrant/puppet/modules/role/manifests/articleplaceholder.pp,2021-03-14 21:19:32,1.48945
/Users/arahman/TAINTPUP_REPOS/WIKIMEDIA/vagrant/puppet/modules/role/manifests/multiupload.pp,2021-03-14 21:19:33,1.49646
/Users/arahman/TAINTPUP_REPOS/WIKIMEDIA/vagrant/puppet/modules/role/manifests/semantictitle.pp,2021-03-14 21:19:35,1.59842
/Users/arahman/TAINTPUP_REPOS/WIKIMEDIA/vagrant/puppet/modules/role/manifests/swift.pp,2021-03-14 21:19:36,1.48687
/Users/arahman/TAINTPUP_REPOS/WIKIMEDIA/vagrant/puppet/modules/role/manifests/kafka.pp,2021-03-14 21:19:38,1.51764
/Users/arahman/TAINTPUP_REPOS/WIKIMEDIA/vagrant/puppet/modules/role/manifests/newsletter.pp,2021-03-14 21:19:39,1.4897
/Users/arahman/TAINTPUP_REPOS/WIKIMEDIA/vagrant/puppet/modules/role/manifests/readinglists.pp,2021-03-14 21:19:41,1.50245
/Users/arahman/TAINTPUP_REPOS/WIKIMEDIA/vagrant/puppet/modules/role/manifests/apparmor.pp,2021-03-14 21:19:42,1.54666
/Users/arahman/TAINTPUP_REPOS/WIKIMEDIA/vagrant/puppet/modules/role/manifests/uploadwizard.pp,2021-03-14 21:19:44,1.5389
/Users/arahman/TAINTPUP_REPOS/WIKIMEDIA/vagrant/puppet/modules/role/manifests/wikilabels.pp,2021-03-14 21:19:45,1.50921
/Users/arahman/TAINTPUP_REPOS/WIKIMEDIA/vagrant/puppet/modules/role/manifests/parsoid.pp,2021-03-14 21:19:47,1.55973
/Users/arahman/TAINTPUP_REPOS/WIKIMEDIA/vagrant/puppet/modules/role/manifests/xhprofgui.pp,2021-03-14 21:19:48,1.52749
/Users/arahman/TAINTPUP_REPOS/WIKIMEDIA/vagrant/puppet/modules/role/manifests/sendgrid.pp,2021-03-14 21:19:50,1.55502
/Users/arahman/TAINTPUP_REPOS/WIKIMEDIA/vagrant/puppet/modules/role/manifests/abusefilter.pp,2021-03-14 21:19:51,1.48597
/Users/arahman/TAINTPUP_REPOS/WIKIMEDIA/vagrant/puppet/modules/role/manifests/phabricator.pp,2021-03-14 21:19:53,1.46286
/Users/arahman/TAINTPUP_REPOS/WIKIMEDIA/vagrant/puppet/modules/role/manifests/ores_service.pp,2021-03-14 21:19:54,1.49703
/Users/arahman/TAINTPUP_REPOS/WIKIMEDIA/vagrant/puppet/modules/role/manifests/statsd.pp,2021-03-14 21:19:56,1.46891
/Users/arahman/TAINTPUP_REPOS/WIKIMEDIA/vagrant/puppet/modules/role/manifests/minerva.pp,2021-03-14 21:19:57,1.48353
/Users/arahman/TAINTPUP_REPOS/WIKIMEDIA/vagrant/puppet/modules/role/manifests/phptags.pp,2021-03-14 21:19:59,1.52497
/Users/arahman/TAINTPUP_REPOS/WIKIMEDIA/vagrant/puppet/modules/role/manifests/loginnotify.pp,2021-03-14 21:20:00,1.49028
/Users/arahman/TAINTPUP_REPOS/WIKIMEDIA/vagrant/puppet/modules/role/manifests/navigationtiming.pp,2021-03-14 21:20:02,1.48242
/Users/arahman/TAINTPUP_REPOS/WIKIMEDIA/vagrant/puppet/modules/role/manifests/timeless.pp,2021-03-14 21:20:03,1.48849
/Users/arahman/TAINTPUP_REPOS/WIKIMEDIA/vagrant/puppet/modules/role/manifests/uls.pp,2021-03-14 21:20:05,1.51346
/Users/arahman/TAINTPUP_REPOS/WIKIMEDIA/vagrant/puppet/modules/role/manifests/templatedata.pp,2021-03-14 21:20:06,1.49675
/Users/arahman/TAINTPUP_REPOS/WIKIMEDIA/vagrant/puppet/modules/role/manifests/disableaccount.pp,2021-03-14 21:20:08,1.57624
/Users/arahman/TAINTPUP_REPOS/WIKIMEDIA/vagrant/puppet/modules/role/manifests/xanalytics.pp,2021-03-14 21:20:09,1.55539
/Users/arahman/TAINTPUP_REPOS/WIKIMEDIA/vagrant/puppet/modules/role/manifests/math.pp,2021-03-14 21:20:11,1.53276
/Users/arahman/TAINTPUP_REPOS/WIKIMEDIA/vagrant/puppet/modules/role/manifests/nuke.pp,2021-03-14 21:20:13,1.6316
/Users/arahman/TAINTPUP_REPOS/WIKIMEDIA/vagrant/puppet/modules/role/manifests/kartographer.pp,2021-03-14 21:20:14,1.76492
/Users/arahman/TAINTPUP_REPOS/WIKIMEDIA/vagrant/puppet/modules/role/manifests/labeledsectiontransclusion.pp,2021-03-14 21:20:16,1.67628
/Users/arahman/TAINTPUP_REPOS/WIKIMEDIA/vagrant/puppet/modules/role/manifests/renameuser.pp,2021-03-14 21:20:18,1.61693
/Users/arahman/TAINTPUP_REPOS/WIKIMEDIA/vagrant/puppet/modules/role/manifests/eventbus.pp,2021-03-14 21:20:19,1.63189
/Users/arahman/TAINTPUP_REPOS/WIKIMEDIA/vagrant/puppet/modules/role/manifests/massmessage.pp,2021-03-14 21:20:21,1.71496
/Users/arahman/TAINTPUP_REPOS/WIKIMEDIA/vagrant/puppet/modules/role/manifests/bouncehandler.pp,2021-03-14 21:20:23,1.68068
/Users/arahman/TAINTPUP_REPOS/WIKIMEDIA/vagrant/puppet/modules/role/manifests/wikimediaproduction.pp,2021-03-14 21:20:24,1.64789
/Users/arahman/TAINTPUP_REPOS/WIKIMEDIA/vagrant/puppet/modules/role/manifests/three_d.pp,2021-03-14 21:20:26,1.58627
/Users/arahman/TAINTPUP_REPOS/WIKIMEDIA/vagrant/puppet/modules/role/manifests/geodata.pp,2021-03-14 21:20:28,1.66039
/Users/arahman/TAINTPUP_REPOS/WIKIMEDIA/vagrant/puppet/modules/role/manifests/revisionslider.pp,2021-03-14 21:20:29,1.65412
/Users/arahman/TAINTPUP_REPOS/WIKIMEDIA/vagrant/puppet/modules/role/manifests/sentry.pp,2021-03-14 21:20:31,1.64369
/Users/arahman/TAINTPUP_REPOS/WIKIMEDIA/vagrant/puppet/modules/role/manifests/popups.pp,2021-03-14 21:20:33,1.56173
/Users/arahman/TAINTPUP_REPOS/WIKIMEDIA/vagrant/puppet/modules/role/manifests/notebook.pp,2021-03-14 21:20:34,1.54852
/Users/arahman/TAINTPUP_REPOS/WIKIMEDIA/vagrant/puppet/modules/role/manifests/tidy.pp,2021-03-14 21:20:36,1.60687
/Users/arahman/TAINTPUP_REPOS/WIKIMEDIA/vagrant/puppet/modules/role/manifests/fileannotations.pp,2021-03-14 21:20:37,1.54028
/Users/arahman/TAINTPUP_REPOS/WIKIMEDIA/vagrant/puppet/modules/role/manifests/mtail.pp,2021-03-14 21:20:39,1.52947
/Users/arahman/TAINTPUP_REPOS/WIKIMEDIA/vagrant/puppet/modules/role/manifests/visualeditor.pp,2021-03-14 21:20:40,1.54686
/Users/arahman/TAINTPUP_REPOS/WIKIMEDIA/vagrant/puppet/modules/role/manifests/imagemetrics.pp,2021-03-14 21:20:42,1.58485
/Users/arahman/TAINTPUP_REPOS/WIKIMEDIA/vagrant/puppet/modules/role/manifests/easytimeline.pp,2021-03-14 21:20:43,1.53957
/Users/arahman/TAINTPUP_REPOS/WIKIMEDIA/vagrant/puppet/modules/role/manifests/advancedsearch.pp,2021-03-14 21:20:45,1.61331
/Users/arahman/TAINTPUP_REPOS/WIKIMEDIA/vagrant/puppet/modules/role/manifests/scholarships.pp,2021-03-14 21:20:47,1.59906
/Users/arahman/TAINTPUP_REPOS/WIKIMEDIA/vagrant/puppet/modules/role/manifests/modern.pp,2021-03-14 21:20:48,1.53198
/Users/arahman/TAINTPUP_REPOS/WIKIMEDIA/vagrant/puppet/modules/role/manifests/securepoll.pp,2021-03-14 21:20:50,1.68237
/Users/arahman/TAINTPUP_REPOS/WIKIMEDIA/vagrant/puppet/modules/role/manifests/pagetriage.pp,2021-03-14 21:20:51,1.64441
/Users/arahman/TAINTPUP_REPOS/WIKIMEDIA/vagrant/puppet/modules/role/manifests/varnish.pp,2021-03-14 21:20:53,1.68426
/Users/arahman/TAINTPUP_REPOS/WIKIMEDIA/vagrant/puppet/modules/role/manifests/confirmedit.pp,2021-03-14 21:20:55,1.57711
/Users/arahman/TAINTPUP_REPOS/WIKIMEDIA/vagrant/puppet/modules/role/manifests/globalblocking.pp,2021-03-14 21:20:56,1.62383
/Users/arahman/TAINTPUP_REPOS/WIKIMEDIA/vagrant/puppet/modules/role/manifests/syntaxhighlight.pp,2021-03-14 21:20:58,1.5716
/Users/arahman/TAINTPUP_REPOS/WIKIMEDIA/vagrant/puppet/modules/role/manifests/l10nupdate.pp,2021-03-14 21:21:00,1.58572
/Users/arahman/TAINTPUP_REPOS/WIKIMEDIA/vagrant/puppet/modules/role/manifests/wikidata.pp,2021-03-14 21:21:01,1.59562
/Users/arahman/TAINTPUP_REPOS/WIKIMEDIA/vagrant/puppet/modules/role/manifests/pageimages.pp,2021-03-14 21:21:03,1.56277
/Users/arahman/TAINTPUP_REPOS/WIKIMEDIA/vagrant/puppet/modules/role/manifests/echo.pp,2021-03-14 21:21:04,1.55916
/Users/arahman/TAINTPUP_REPOS/WIKIMEDIA/vagrant/puppet/modules/role/manifests/graphoid.pp,2021-03-14 21:21:06,1.58848
/Users/arahman/TAINTPUP_REPOS/WIKIMEDIA/vagrant/puppet/modules/role/manifests/liquidthreads.pp,2021-03-14 21:21:07,1.55772
/Users/arahman/TAINTPUP_REPOS/WIKIMEDIA/vagrant/puppet/modules/role/manifests/semanticextraspecialproperties.pp,2021-03-14 21:21:09,1.66589
/Users/arahman/TAINTPUP_REPOS/WIKIMEDIA/vagrant/puppet/modules/role/manifests/lockdown.pp,2021-03-14 21:21:11,1.64504
/Users/arahman/TAINTPUP_REPOS/WIKIMEDIA/vagrant/puppet/modules/role/manifests/inputbox.pp,2021-03-14 21:21:12,1.66047
/Users/arahman/TAINTPUP_REPOS/WIKIMEDIA/vagrant/puppet/modules/role/manifests/private.pp,2021-03-14 21:21:14,1.68352
/Users/arahman/TAINTPUP_REPOS/WIKIMEDIA/vagrant/puppet/modules/role/manifests/warnings_as_errors.pp,2021-03-14 21:21:16,1.6787
/Users/arahman/TAINTPUP_REPOS/WIKIMEDIA/vagrant/puppet/modules/role/manifests/urlgetparameters.pp,2021-03-14 21:21:17,1.59507
/Users/arahman/TAINTPUP_REPOS/WIKIMEDIA/vagrant/puppet/modules/role/manifests/sal.pp,2021-03-14 21:21:19,1.55009
/Users/arahman/TAINTPUP_REPOS/WIKIMEDIA/vagrant/puppet/modules/role/manifests/wikilove.pp,2021-03-14 21:21:21,1.68683
/Users/arahman/TAINTPUP_REPOS/WIKIMEDIA/vagrant/puppet/modules/role/manifests/langwikis.pp,2021-03-14 21:21:22,1.49989
/Users/arahman/TAINTPUP_REPOS/WIKIMEDIA/vagrant/puppet/modules/role/manifests/antispam.pp,2021-03-14 21:21:24,1.5342
/Users/arahman/TAINTPUP_REPOS/WIKIMEDIA/vagrant/puppet/modules/role/manifests/oauth.pp,2021-03-14 21:21:25,1.52592
/Users/arahman/TAINTPUP_REPOS/WIKIMEDIA/vagrant/puppet/modules/role/manifests/pagedtiffhandler.pp,2021-03-14 21:21:27,1.55945
/Users/arahman/TAINTPUP_REPOS/WIKIMEDIA/vagrant/puppet/modules/role/manifests/pipeescape.pp,2021-03-14 21:21:28,1.57808
/Users/arahman/TAINTPUP_REPOS/WIKIMEDIA/vagrant/puppet/modules/role/manifests/flaggedrevs.pp,2021-03-14 21:21:30,1.57226
/Users/arahman/TAINTPUP_REPOS/WIKIMEDIA/vagrant/puppet/modules/role/manifests/simple_performant.pp,2021-03-14 21:21:31,1.49785
/Users/arahman/TAINTPUP_REPOS/WIKIMEDIA/vagrant/puppet/modules/role/manifests/wikimediaflow.pp,2021-03-14 21:21:33,1.54939
/Users/arahman/TAINTPUP_REPOS/WIKIMEDIA/vagrant/puppet/modules/role/manifests/score.pp,2021-03-14 21:21:34,1.55809
/Users/arahman/TAINTPUP_REPOS/WIKIMEDIA/vagrant/puppet/modules/role/manifests/sandboxlink.pp,2021-03-14 21:21:36,1.55944
/Users/arahman/TAINTPUP_REPOS/WIKIMEDIA/vagrant/puppet/modules/role/manifests/multimedia.pp,2021-03-14 21:21:38,1.51876
/Users/arahman/TAINTPUP_REPOS/WIKIMEDIA/vagrant/puppet/modules/role/manifests/globalusage.pp,2021-03-14 21:21:39,1.47878
/Users/arahman/TAINTPUP_REPOS/WIKIMEDIA/vagrant/puppet/modules/role/manifests/monobook.pp,2021-03-14 21:21:41,1.53825
/Users/arahman/TAINTPUP_REPOS/WIKIMEDIA/vagrant/puppet/modules/role/manifests/cldr.pp,2021-03-14 21:21:42,1.53895
/Users/arahman/TAINTPUP_REPOS/WIKIMEDIA/vagrant/puppet/modules/role/manifests/oauth/consumer.pp,2021-03-14 21:21:44,1.48533
/Users/arahman/TAINTPUP_REPOS/WIKIMEDIA/vagrant/puppet/modules/role/manifests/centralauth/migrate_user.pp,2021-03-14 21:21:45,1.43893
/Users/arahman/TAINTPUP_REPOS/WIKIMEDIA/vagrant/puppet/modules/role/manifests/thumb_on_404/multiwiki.pp,2021-03-14 21:21:46,1.43057
/Users/arahman/TAINTPUP_REPOS/WIKIMEDIA/vagrant/puppet/modules/kibana/manifests/init.pp,2021-03-14 21:21:48,1.43972
/Users/arahman/TAINTPUP_REPOS/WIKIMEDIA/vagrant/puppet/modules/three_d/manifests/init.pp,2021-03-14 21:21:49,1.45091
/Users/arahman/TAINTPUP_REPOS/WIKIMEDIA/vagrant/puppet/modules/eventlogging/manifests/devserver.pp,2021-03-14 21:21:51,1.46417
/Users/arahman/TAINTPUP_REPOS/WIKIMEDIA/vagrant/puppet/modules/eventlogging/manifests/service.pp,2021-03-14 21:21:52,1.53834
/Users/arahman/TAINTPUP_REPOS/WIKIMEDIA/vagrant/puppet/modules/eventlogging/manifests/init.pp,2021-03-14 21:21:54,1.51252
/Users/arahman/TAINTPUP_REPOS/WIKIMEDIA/vagrant/puppet/modules/logstash/manifests/conf.pp,2021-03-14 21:21:55,1.50261
/Users/arahman/TAINTPUP_REPOS/WIKIMEDIA/vagrant/puppet/modules/logstash/manifests/plugin.pp,2021-03-14 21:21:57,1.51024
/Users/arahman/TAINTPUP_REPOS/WIKIMEDIA/vagrant/puppet/modules/logstash/manifests/init.pp,2021-03-14 21:21:58,1.51489
/Users/arahman/TAINTPUP_REPOS/WIKIMEDIA/vagrant/puppet/modules/logstash/manifests/input/log4j.pp,2021-03-14 21:22:00,1.50804
/Users/arahman/TAINTPUP_REPOS/WIKIMEDIA/vagrant/puppet/modules/logstash/manifests/input/gelf.pp,2021-03-14 21:22:01,1.50609
/Users/arahman/TAINTPUP_REPOS/WIKIMEDIA/vagrant/puppet/modules/logstash/manifests/input/udp.pp,2021-03-14 21:22:03,1.47837
/Users/arahman/TAINTPUP_REPOS/WIKIMEDIA/vagrant/puppet/modules/logstash/manifests/input/redis.pp,2021-03-14 21:22:04,1.49921
/Users/arahman/TAINTPUP_REPOS/WIKIMEDIA/vagrant/puppet/modules/logstash/manifests/input/syslog.pp,2021-03-14 21:22:06,1.4642
/Users/arahman/TAINTPUP_REPOS/WIKIMEDIA/vagrant/puppet/modules/logstash/manifests/input/json.pp,2021-03-14 21:22:07,1.49921
/Users/arahman/TAINTPUP_REPOS/WIKIMEDIA/vagrant/puppet/modules/logstash/manifests/output/elasticsearch.pp,2021-03-14 21:22:09,1.48468
/Users/arahman/TAINTPUP_REPOS/WIKIMEDIA/vagrant/puppet/modules/redis/manifests/php.pp,2021-03-14 21:22:10,1.47975
/Users/arahman/TAINTPUP_REPOS/WIKIMEDIA/vagrant/puppet/modules/redis/manifests/init.pp,2021-03-14 21:22:12,1.5078
/Users/arahman/TAINTPUP_REPOS/WIKIMEDIA/vagrant/puppet/modules/browsertests/manifests/bundle.pp,2021-03-14 21:22:13,1.4507
/Users/arahman/TAINTPUP_REPOS/WIKIMEDIA/vagrant/puppet/modules/browsertests/manifests/init.pp,2021-03-14 21:22:15,1.41419
/Users/arahman/TAINTPUP_REPOS/WIKIMEDIA/vagrant/puppet/modules/mathoid/manifests/init.pp,2021-03-14 21:22:16,1.44166
/Users/arahman/TAINTPUP_REPOS/WIKIMEDIA/vagrant/puppet/modules/systemd/manifests/service.pp,2021-03-14 21:22:18,1.41417
/Users/arahman/TAINTPUP_REPOS/WIKIMEDIA/vagrant/puppet/modules/rsyslog/manifests/conf.pp,2021-03-14 21:22:19,1.40755
/Users/arahman/TAINTPUP_REPOS/WIKIMEDIA/vagrant/puppet/modules/rsyslog/manifests/init.pp,2021-03-14 21:22:20,1.39184
/Users/arahman/TAINTPUP_REPOS/WIKIMEDIA/vagrant/puppet/modules/crm/manifests/drupal.pp,2021-03-14 21:22:22,1.39479
/Users/arahman/TAINTPUP_REPOS/WIKIMEDIA/vagrant/puppet/modules/crm/manifests/apache.pp,2021-03-14 21:22:23,1.36392
/Users/arahman/TAINTPUP_REPOS/WIKIMEDIA/vagrant/puppet/modules/crm/manifests/tools.pp,2021-03-14 21:22:24,1.36497
/Users/arahman/TAINTPUP_REPOS/WIKIMEDIA/vagrant/puppet/modules/crm/manifests/dash.pp,2021-03-14 21:22:26,1.36429
/Users/arahman/TAINTPUP_REPOS/WIKIMEDIA/vagrant/puppet/modules/crm/manifests/civicrm.pp,2021-03-14 21:22:27,1.3666
/Users/arahman/TAINTPUP_REPOS/WIKIMEDIA/vagrant/puppet/modules/crm/manifests/init.pp,2021-03-14 21:22:29,1.40281
/Users/arahman/TAINTPUP_REPOS/WIKIMEDIA/vagrant/puppet/modules/crm/manifests/drush.pp,2021-03-14 21:22:30,1.36625
/Users/arahman/TAINTPUP_REPOS/WIKIMEDIA/vagrant/puppet/modules/wikilabels/manifests/init.pp,2021-03-14 21:22:31,1.37302
/Users/arahman/TAINTPUP_REPOS/WIKIMEDIA/vagrant/puppet/modules/iegreview/manifests/init.pp,2021-03-14 21:22:33,1.38077
/Users/arahman/TAINTPUP_REPOS/WIKIMEDIA/vagrant/puppet/modules/apparmor/manifests/init.pp,2021-03-14 21:22:34,1.38681
/Users/arahman/TAINTPUP_REPOS/WIKIMEDIA/vagrant/puppet/modules/ores/manifests/init.pp,2021-03-14 21:22:36,1.4938
/Users/arahman/TAINTPUP_REPOS/WIKIMEDIA/vagrant/puppet/modules/jsduck/manifests/init.pp,2021-03-14 21:22:37,1.48355
/Users/arahman/TAINTPUP_REPOS/WIKIMEDIA/vagrant/puppet/modules/ocg/manifests/service.pp,2021-03-14 21:22:39,1.59216
/Users/arahman/TAINTPUP_REPOS/WIKIMEDIA/vagrant/puppet/modules/ocg/manifests/init.pp,2021-03-14 21:22:40,1.48317
/Users/arahman/TAINTPUP_REPOS/WIKIMEDIA/vagrant/puppet/modules/hhvm/manifests/fcgi.pp,2021-03-14 21:22:42,1.53127
/Users/arahman/TAINTPUP_REPOS/WIKIMEDIA/vagrant/puppet/modules/hhvm/manifests/init.pp,2021-03-14 21:22:43,1.71395
/Users/arahman/TAINTPUP_REPOS/WIKIMEDIA/vagrant/puppet/modules/statsd/manifests/init.pp,2021-03-14 21:22:45,1.56765
/Users/arahman/TAINTPUP_REPOS/WIKIMEDIA/vagrant/puppet/modules/cgroup/manifests/config.pp,2021-03-14 21:22:47,1.58048
/Users/arahman/TAINTPUP_REPOS/WIKIMEDIA/vagrant/puppet/modules/cgroup/manifests/init.pp,2021-03-14 21:22:48,1.53859
/Users/arahman/TAINTPUP_REPOS/WIKIMEDIA/vagrant/puppet/modules/arcanist/manifests/init.pp,2021-03-14 21:22:50,1.4916
/Users/arahman/TAINTPUP_REPOS/WIKIMEDIA/vagrant/puppet/modules/php/manifests/remote_debug.pp,2021-03-14 21:22:51,1.55394
/Users/arahman/TAINTPUP_REPOS/WIKIMEDIA/vagrant/puppet/modules/php/manifests/xhprof.pp,2021-03-14 21:22:53,1.51985
/Users/arahman/TAINTPUP_REPOS/WIKIMEDIA/vagrant/puppet/modules/php/manifests/composer.pp,2021-03-14 21:22:54,1.52074
/Users/arahman/TAINTPUP_REPOS/WIKIMEDIA/vagrant/puppet/modules/php/manifests/ini.pp,2021-03-14 21:22:56,1.4915
/Users/arahman/TAINTPUP_REPOS/WIKIMEDIA/vagrant/puppet/modules/php/manifests/init.pp,2021-03-14 21:22:57,1.53667
/Users/arahman/TAINTPUP_REPOS/WIKIMEDIA/vagrant/puppet/modules/php/manifests/composer/install.pp,2021-03-14 21:22:59,1.497
/Users/arahman/TAINTPUP_REPOS/WIKIMEDIA/vagrant/puppet/modules/restbase/manifests/init.pp,2021-03-14 21:23:00,1.49309
/Users/arahman/TAINTPUP_REPOS/WIKIMEDIA/vagrant/puppet/modules/varnish/manifests/backend.pp,2021-03-14 21:23:02,1.42994
/Users/arahman/TAINTPUP_REPOS/WIKIMEDIA/vagrant/puppet/modules/varnish/manifests/config.pp,2021-03-14 21:23:03,1.45002
/Users/arahman/TAINTPUP_REPOS/WIKIMEDIA/vagrant/puppet/modules/varnish/manifests/init.pp,2021-03-14 21:23:05,1.49189
/Users/arahman/TAINTPUP_REPOS/WIKIMEDIA/vagrant/puppet/modules/xvfb/manifests/init.pp,2021-03-14 21:23:06,1.41923
/Users/arahman/TAINTPUP_REPOS/WIKIMEDIA/vagrant/puppet/modules/env/manifests/profile_script.pp,2021-03-14 21:23:07,1.45819
/Users/arahman/TAINTPUP_REPOS/WIKIMEDIA/vagrant/puppet/modules/env/manifests/alternative.pp,2021-03-14 21:23:09,1.40307
/Users/arahman/TAINTPUP_REPOS/WIKIMEDIA/vagrant/puppet/modules/env/manifests/var.pp,2021-03-14 21:23:10,1.39834
/Users/arahman/TAINTPUP_REPOS/WIKIMEDIA/vagrant/puppet/modules/env/manifests/init.pp,2021-03-14 21:23:12,1.39492
/Users/arahman/TAINTPUP_REPOS/WIKIMEDIA/vagrant/puppet/modules/thumbor/manifests/service.pp,2021-03-14 21:23:13,1.43633
/Users/arahman/TAINTPUP_REPOS/WIKIMEDIA/vagrant/puppet/modules/thumbor/manifests/init.pp,2021-03-14 21:23:14,1.4168
/Users/arahman/TAINTPUP_REPOS/WIKIMEDIA/vagrant/puppet/modules/memcached/manifests/php.pp,2021-03-14 21:23:16,1.4009
/Users/arahman/TAINTPUP_REPOS/WIKIMEDIA/vagrant/puppet/modules/memcached/manifests/init.pp,2021-03-14 21:23:17,1.40196
/Users/arahman/TAINTPUP_REPOS/WIKIMEDIA/vagrant/puppet/modules/eventschemas/manifests/init.pp,2021-03-14 21:23:19,1.41376
/Users/arahman/TAINTPUP_REPOS/WIKIMEDIA/vagrant/puppet/modules/kafka/manifests/init.pp,2021-03-14 21:23:20,1.38662
/Users/arahman/TAINTPUP_REPOS/WIKIMEDIA/vagrant/puppet/modules/kafka/manifests/repository.pp,2021-03-14 21:23:21,1.42943
/Users/arahman/TAINTPUP_REPOS/WIKIMEDIA/vagrant/puppet/modules/cassandra/manifests/datastax.pp,2021-03-14 21:23:23,1.36832
/Users/arahman/TAINTPUP_REPOS/WIKIMEDIA/vagrant/puppet/modules/cassandra/manifests/init.pp,2021-03-14 21:23:24,1.48214
/Users/arahman/TAINTPUP_REPOS/WIKIMEDIA/vagrant/puppet/modules/swift/manifests/service.pp,2021-03-14 21:23:26,1.41812
/Users/arahman/TAINTPUP_REPOS/WIKIMEDIA/vagrant/puppet/modules/swift/manifests/init.pp,2021-03-14 21:23:27,1.41994
/Users/arahman/TAINTPUP_REPOS/WIKIMEDIA/vagrant/puppet/modules/swift/manifests/ring.pp,2021-03-14 21:23:29,1.43095
/Users/arahman/TAINTPUP_REPOS/WIKIMEDIA/vagrant/puppet/modules/apt/manifests/pin.pp,2021-03-14 21:23:30,1.41058
/Users/arahman/TAINTPUP_REPOS/WIKIMEDIA/vagrant/puppet/modules/apt/manifests/ppa.pp,2021-03-14 21:23:31,1.47068
/Users/arahman/TAINTPUP_REPOS/WIKIMEDIA/vagrant/puppet/modules/apt/manifests/wikimedia_experimental.pp,2021-03-14 21:23:33,1.42529
/Users/arahman/TAINTPUP_REPOS/WIKIMEDIA/vagrant/puppet/modules/apt/manifests/init.pp,2021-03-14 21:23:34,1.4899
/Users/arahman/TAINTPUP_REPOS/WIKIMEDIA/vagrant/puppet/modules/apt/manifests/repository.pp,2021-03-14 21:23:36,1.48671
/Users/arahman/TAINTPUP_REPOS/WIKIMEDIA/vagrant/puppet/modules/mysql/manifests/db.pp,2021-03-14 21:23:37,1.434
/Users/arahman/TAINTPUP_REPOS/WIKIMEDIA/vagrant/puppet/modules/mysql/manifests/user.pp,2021-03-14 21:23:39,1.46543
/Users/arahman/TAINTPUP_REPOS/WIKIMEDIA/vagrant/puppet/modules/mysql/manifests/packages.pp,2021-03-14 21:23:40,1.44687
/Users/arahman/TAINTPUP_REPOS/WIKIMEDIA/vagrant/puppet/modules/mysql/manifests/large_prefix.pp,2021-03-14 21:23:42,1.43524
/Users/arahman/TAINTPUP_REPOS/WIKIMEDIA/vagrant/puppet/modules/mysql/manifests/sql.pp,2021-03-14 21:23:43,1.46849
/Users/arahman/TAINTPUP_REPOS/WIKIMEDIA/vagrant/puppet/modules/mysql/manifests/init.pp,2021-03-14 21:23:45,1.63618
/Users/arahman/TAINTPUP_REPOS/WIKIMEDIA/vagrant/puppet/modules/parsoid/manifests/init.pp,2021-03-14 21:23:46,1.52483
/Users/arahman/TAINTPUP_REPOS/WIKIMEDIA/vagrant/puppet/modules/scholarships/manifests/init.pp,2021-03-14 21:23:48,1.5768
/Users/arahman/TAINTPUP_REPOS/WIKIMEDIA/vagrant/puppet/modules/stdlib/types/windowspath.pp,2021-03-14 21:23:50,1.6784
/Users/arahman/TAINTPUP_REPOS/WIKIMEDIA/vagrant/puppet/modules/stdlib/types/httpurl.pp,2021-03-14 21:23:51,1.62369
/Users/arahman/TAINTPUP_REPOS/WIKIMEDIA/vagrant/puppet/modules/stdlib/types/unixpath.pp,2021-03-14 21:23:53,1.66109
/Users/arahman/TAINTPUP_REPOS/WIKIMEDIA/vagrant/puppet/modules/stdlib/types/httpsurl.pp,2021-03-14 21:23:55,1.69437
/Users/arahman/TAINTPUP_REPOS/WIKIMEDIA/vagrant/puppet/modules/stdlib/types/absolutepath.pp,2021-03-14 21:23:56,1.80053
/Users/arahman/TAINTPUP_REPOS/WIKIMEDIA/vagrant/puppet/modules/stdlib/types/compat/ipv4.pp,2021-03-14 21:23:58,1.95124
/Users/arahman/TAINTPUP_REPOS/WIKIMEDIA/vagrant/puppet/modules/stdlib/types/compat/absolute_path.pp,2021-03-14 21:24:00,1.85117
/Users/arahman/TAINTPUP_REPOS/WIKIMEDIA/vagrant/puppet/modules/stdlib/types/compat/float.pp,2021-03-14 21:24:02,1.69462
/Users/arahman/TAINTPUP_REPOS/WIKIMEDIA/vagrant/puppet/modules/stdlib/types/compat/bool.pp,2021-03-14 21:24:04,1.72715
/Users/arahman/TAINTPUP_REPOS/WIKIMEDIA/vagrant/puppet/modules/stdlib/types/compat/hash.pp,2021-03-14 21:24:05,1.79987
/Users/arahman/TAINTPUP_REPOS/WIKIMEDIA/vagrant/puppet/modules/stdlib/types/compat/integer.pp,2021-03-14 21:24:07,1.65554
/Users/arahman/TAINTPUP_REPOS/WIKIMEDIA/vagrant/puppet/modules/stdlib/types/compat/numeric.pp,2021-03-14 21:24:09,1.59941
/Users/arahman/TAINTPUP_REPOS/WIKIMEDIA/vagrant/puppet/modules/stdlib/types/compat/string.pp,2021-03-14 21:24:10,1.49316
/Users/arahman/TAINTPUP_REPOS/WIKIMEDIA/vagrant/puppet/modules/stdlib/types/compat/ip_address.pp,2021-03-14 21:24:12,1.46756
/Users/arahman/TAINTPUP_REPOS/WIKIMEDIA/vagrant/puppet/modules/stdlib/types/compat/ipv6.pp,2021-03-14 21:24:13,1.40221
/Users/arahman/TAINTPUP_REPOS/WIKIMEDIA/vagrant/puppet/modules/stdlib/types/compat/array.pp,2021-03-14 21:24:14,1.39006
/Users/arahman/TAINTPUP_REPOS/WIKIMEDIA/vagrant/puppet/modules/stdlib/types/compat/re.pp,2021-03-14 21:24:16,1.36306
/Users/arahman/TAINTPUP_REPOS/WIKIMEDIA/vagrant/puppet/modules/stdlib/spec/fixtures/test/manifests/ipv4.pp,2021-03-14 21:24:17,1.40233
/Users/arahman/TAINTPUP_REPOS/WIKIMEDIA/vagrant/puppet/modules/stdlib/spec/fixtures/test/manifests/windowspath.pp,2021-03-14 21:24:19,1.38281
/Users/arahman/TAINTPUP_REPOS/WIKIMEDIA/vagrant/puppet/modules/stdlib/spec/fixtures/test/manifests/absolute_path.pp,2021-03-14 21:24:20,1.38404
/Users/arahman/TAINTPUP_REPOS/WIKIMEDIA/vagrant/puppet/modules/stdlib/spec/fixtures/test/manifests/float.pp,2021-03-14 21:24:21,1.38726
/Users/arahman/TAINTPUP_REPOS/WIKIMEDIA/vagrant/puppet/modules/stdlib/spec/fixtures/test/manifests/bool.pp,2021-03-14 21:24:23,1.37804
/Users/arahman/TAINTPUP_REPOS/WIKIMEDIA/vagrant/puppet/modules/stdlib/spec/fixtures/test/manifests/httpurl.pp,2021-03-14 21:24:24,1.4146
/Users/arahman/TAINTPUP_REPOS/WIKIMEDIA/vagrant/puppet/modules/stdlib/spec/fixtures/test/manifests/hash.pp,2021-03-14 21:24:26,1.44707
/Users/arahman/TAINTPUP_REPOS/WIKIMEDIA/vagrant/puppet/modules/stdlib/spec/fixtures/test/manifests/ensure_resources.pp,2021-03-14 21:24:27,1.58797
/Users/arahman/TAINTPUP_REPOS/WIKIMEDIA/vagrant/puppet/modules/stdlib/spec/fixtures/test/manifests/integer.pp,2021-03-14 21:24:29,1.5633
/Users/arahman/TAINTPUP_REPOS/WIKIMEDIA/vagrant/puppet/modules/stdlib/spec/fixtures/test/manifests/unixpath.pp,2021-03-14 21:24:30,1.61455
/Users/arahman/TAINTPUP_REPOS/WIKIMEDIA/vagrant/puppet/modules/stdlib/spec/fixtures/test/manifests/httpsurl.pp,2021-03-14 21:24:32,1.62722
/Users/arahman/TAINTPUP_REPOS/WIKIMEDIA/vagrant/puppet/modules/stdlib/spec/fixtures/test/manifests/numeric.pp,2021-03-14 21:24:34,1.67318
/Users/arahman/TAINTPUP_REPOS/WIKIMEDIA/vagrant/puppet/modules/stdlib/spec/fixtures/test/manifests/string.pp,2021-03-14 21:24:35,1.71896
/Users/arahman/TAINTPUP_REPOS/WIKIMEDIA/vagrant/puppet/modules/stdlib/spec/fixtures/test/manifests/ip_address.pp,2021-03-14 21:24:37,1.75551
/Users/arahman/TAINTPUP_REPOS/WIKIMEDIA/vagrant/puppet/modules/stdlib/spec/fixtures/test/manifests/ipv6.pp,2021-03-14 21:24:39,1.7712
/Users/arahman/TAINTPUP_REPOS/WIKIMEDIA/vagrant/puppet/modules/stdlib/spec/fixtures/test/manifests/array.pp,2021-03-14 21:24:41,1.84852
/Users/arahman/TAINTPUP_REPOS/WIKIMEDIA/vagrant/puppet/modules/stdlib/spec/fixtures/test/manifests/absolutepath.pp,2021-03-14 21:24:42,1.5994
/Users/arahman/TAINTPUP_REPOS/WIKIMEDIA/vagrant/puppet/modules/stdlib/examples/has_ip_network.pp,2021-03-14 21:24:44,1.64219
/Users/arahman/TAINTPUP_REPOS/WIKIMEDIA/vagrant/puppet/modules/stdlib/examples/file_line.pp,2021-03-14 21:24:46,1.60366
/Users/arahman/TAINTPUP_REPOS/WIKIMEDIA/vagrant/puppet/modules/stdlib/examples/has_interface_with.pp,2021-03-14 21:24:47,1.63125
/Users/arahman/TAINTPUP_REPOS/WIKIMEDIA/vagrant/puppet/modules/stdlib/examples/has_ip_address.pp,2021-03-14 21:24:49,1.76612
/Users/arahman/TAINTPUP_REPOS/WIKIMEDIA/vagrant/puppet/modules/stdlib/examples/init.pp,2021-03-14 21:24:51,1.6227
/Users/arahman/TAINTPUP_REPOS/WIKIMEDIA/vagrant/puppet/modules/stdlib/manifests/stages.pp,2021-03-14 21:24:52,1.66724
/Users/arahman/TAINTPUP_REPOS/WIKIMEDIA/vagrant/puppet/modules/stdlib/manifests/init.pp,2021-03-14 21:24:54,1.82789
/Users/arahman/TAINTPUP_REPOS/WIKIMEDIA/vagrant/puppet/modules/kartotherian/manifests/init.pp,2021-03-14 21:24:56,1.64344
/Users/arahman/TAINTPUP_REPOS/WIKIMEDIA/vagrant/puppet/modules/mwv/manifests/cachefilesd.pp,2021-03-14 21:24:57,1.58577
/Users/arahman/TAINTPUP_REPOS/WIKIMEDIA/vagrant/puppet/modules/mwv/manifests/packages.pp,2021-03-14 21:24:59,1.66937
/Users/arahman/TAINTPUP_REPOS/WIKIMEDIA/vagrant/puppet/modules/mwv/manifests/init.pp,2021-03-14 21:25:01,1.63344
/Users/arahman/TAINTPUP_REPOS/WIKIMEDIA/vagrant/puppet/modules/postfix/manifests/init.pp,2021-03-14 21:25:02,1.55379
/Users/arahman/TAINTPUP_REPOS/WIKIMEDIA/vagrant/puppet/modules/uwsgi/manifests/app.pp,2021-03-14 21:25:04,1.54259
/Users/arahman/TAINTPUP_REPOS/WIKIMEDIA/vagrant/puppet/modules/uwsgi/manifests/init.pp,2021-03-14 21:25:05,1.42359
/Users/arahman/TAINTPUP_REPOS/WIKIMEDIA/vagrant/puppet/modules/service/manifests/gitupdate.pp,2021-03-14 21:25:07,1.42961
/Users/arahman/TAINTPUP_REPOS/WIKIMEDIA/vagrant/puppet/modules/service/manifests/node.pp,2021-03-14 21:25:08,1.51124
/Users/arahman/TAINTPUP_REPOS/WIKIMEDIA/vagrant/puppet/modules/service/manifests/init.pp,2021-03-14 21:25:09,1.40869
/Users/arahman/TAINTPUP_REPOS/WIKIMEDIA/vagrant/puppet/modules/sudo/manifests/user.pp,2021-03-14 21:25:11,1.39835
/Users/arahman/TAINTPUP_REPOS/WIKIMEDIA/vagrant/puppet/modules/sudo/manifests/group.pp,2021-03-14 21:25:12,1.38882
/Users/arahman/TAINTPUP_REPOS/WIKIMEDIA/vagrant/puppet/modules/sudo/manifests/init.pp,2021-03-14 21:25:14,1.37497
/Users/arahman/TAINTPUP_REPOS/WIKIMEDIA/vagrant/puppet/modules/graphoid/manifests/init.pp,2021-03-14 21:25:15,1.45343
/Users/arahman/TAINTPUP_REPOS/WIKIMEDIA/vagrant/puppet/modules/jade/manifests/extension.pp,2021-03-14 21:25:17,1.43534
/Users/arahman/TAINTPUP_REPOS/WIKIMEDIA/vagrant/puppet/modules/jade/manifests/init.pp,2021-03-14 21:25:18,1.46425
/Users/arahman/TAINTPUP_REPOS/WIKIMEDIA/vagrant/puppet/modules/sentry/manifests/init.pp,2021-03-14 21:25:20,1.52742
/Users/arahman/TAINTPUP_REPOS/WIKIMEDIA/vagrant/puppet/modules/virtualenv/manifests/package.pp,2021-03-14 21:25:21,1.5497
/Users/arahman/TAINTPUP_REPOS/WIKIMEDIA/vagrant/puppet/modules/virtualenv/manifests/environment.pp,2021-03-14 21:25:23,1.49132
/Users/arahman/TAINTPUP_REPOS/WIKIMEDIA/vagrant/puppet/modules/virtualenv/manifests/init.pp,2021-03-14 21:25:24,1.4654
/Users/arahman/TAINTPUP_REPOS/WIKIMEDIA/vagrant/puppet/modules/openldap/manifests/init.pp,2021-03-14 21:25:26,1.48229
/Users/arahman/TAINTPUP_REPOS/WIKIMEDIA/vagrant/puppet/modules/phabricator/manifests/config.pp,2021-03-14 21:25:27,1.4505
/Users/arahman/TAINTPUP_REPOS/WIKIMEDIA/vagrant/puppet/modules/phabricator/manifests/init.pp,2021-03-14 21:25:28,1.44031
/Users/arahman/TAINTPUP_REPOS/WIKIMEDIA/vagrant/puppet/modules/electron/manifests/init.pp,2021-03-14 21:25:30,1.40164
/Users/arahman/TAINTPUP_REPOS/WIKIMEDIA/vagrant/puppet/modules/puppet/manifests/agent.pp,2021-03-14 21:25:31,1.39566
/Users/arahman/TAINTPUP_REPOS/WIKIMEDIA/vagrant/puppet/modules/mediawiki/manifests/user.pp,2021-03-14 21:25:33,1.40226
/Users/arahman/TAINTPUP_REPOS/WIKIMEDIA/vagrant/puppet/modules/mediawiki/manifests/multiwiki.pp,2021-03-14 21:25:34,1.39964
/Users/arahman/TAINTPUP_REPOS/WIKIMEDIA/vagrant/puppet/modules/mediawiki/manifests/maintenance.pp,2021-03-14 21:25:35,1.35862
/Users/arahman/TAINTPUP_REPOS/WIKIMEDIA/vagrant/puppet/modules/mediawiki/manifests/langwiki.pp,2021-03-14 21:25:37,1.36127
/Users/arahman/TAINTPUP_REPOS/WIKIMEDIA/vagrant/puppet/modules/mediawiki/manifests/apache.pp,2021-03-14 21:25:38,1.35827
/Users/arahman/TAINTPUP_REPOS/WIKIMEDIA/vagrant/puppet/modules/mediawiki/manifests/psysh.pp,2021-03-14 21:25:39,1.35814
/Users/arahman/TAINTPUP_REPOS/WIKIMEDIA/vagrant/puppet/modules/mediawiki/manifests/jobrunner.pp,2021-03-14 21:25:41,1.37935
/Users/arahman/TAINTPUP_REPOS/WIKIMEDIA/vagrant/puppet/modules/mediawiki/manifests/extension.pp,2021-03-14 21:25:42,1.38312
/Users/arahman/TAINTPUP_REPOS/WIKIMEDIA/vagrant/puppet/modules/mediawiki/manifests/settings.pp,2021-03-14 21:25:44,1.38725
/Users/arahman/TAINTPUP_REPOS/WIKIMEDIA/vagrant/puppet/modules/mediawiki/manifests/group.pp,2021-03-14 21:25:45,1.36096
/Users/arahman/TAINTPUP_REPOS/WIKIMEDIA/vagrant/puppet/modules/mediawiki/manifests/mwrepl.pp,2021-03-14 21:25:46,1.425
/Users/arahman/TAINTPUP_REPOS/WIKIMEDIA/vagrant/puppet/modules/mediawiki/manifests/init.pp,2021-03-14 21:25:48,1.39061
/Users/arahman/TAINTPUP_REPOS/WIKIMEDIA/vagrant/puppet/modules/mediawiki/manifests/ready_service.pp,2021-03-14 21:25:49,1.36464
/Users/arahman/TAINTPUP_REPOS/WIKIMEDIA/vagrant/puppet/modules/mediawiki/manifests/wiki.pp,2021-03-14 21:25:51,1.39944
/Users/arahman/TAINTPUP_REPOS/WIKIMEDIA/vagrant/puppet/modules/mediawiki/manifests/skin.pp,2021-03-14 21:25:52,1.37452
/Users/arahman/TAINTPUP_REPOS/WIKIMEDIA/vagrant/puppet/modules/mediawiki/manifests/extension/wikidiff2.pp,2021-03-14 21:25:53,1.36863
/Users/arahman/TAINTPUP_REPOS/WIKIMEDIA/vagrant/puppet/modules/mediawiki/manifests/extension/browsertests.pp,2021-03-14 21:25:55,1.37815
/Users/arahman/TAINTPUP_REPOS/WIKIMEDIA/vagrant/puppet/modules/mediawiki/manifests/extension/scribunto.pp,2021-03-14 21:25:56,1.3835
/Users/arahman/TAINTPUP_REPOS/WIKIMEDIA/vagrant/puppet/modules/mediawiki/manifests/composer/require.pp,2021-03-14 21:25:57,1.41341
/Users/arahman/TAINTPUP_REPOS/WIKIMEDIA/vagrant/puppet/modules/mediawiki/manifests/import/url.pp,2021-03-14 21:25:59,1.44258
/Users/arahman/TAINTPUP_REPOS/WIKIMEDIA/vagrant/puppet/modules/mediawiki/manifests/import/dump.pp,2021-03-14 21:26:00,1.42131
/Users/arahman/TAINTPUP_REPOS/WIKIMEDIA/vagrant/puppet/modules/mediawiki/manifests/import/text.pp,2021-03-14 21:26:02,1.52318
/Users/arahman/TAINTPUP_REPOS/WIKIMEDIA/vagrant/puppet/modules/xhprofgui/manifests/init.pp,2021-03-14 21:26:03,1.44964
/Users/arahman/TAINTPUP_REPOS/WIKIMEDIA/vagrant/puppet/modules/elasticsearch/manifests/init.pp,2021-03-14 21:26:05,1.47197
/Users/arahman/TAINTPUP_REPOS/WIKIMEDIA/vagrant/puppet/modules/elasticsearch/manifests/repository.pp,2021-03-14 21:26:06,1.46267
/Users/arahman/TAINTPUP_REPOS/WIKIMEDIA/vagrant/puppet/modules/npm/manifests/update.pp,2021-03-14 21:26:08,1.55253
/Users/arahman/TAINTPUP_REPOS/WIKIMEDIA/vagrant/puppet/modules/npm/manifests/global.pp,2021-03-14 21:26:09,1.55413
/Users/arahman/TAINTPUP_REPOS/WIKIMEDIA/vagrant/puppet/modules/npm/manifests/globals.pp,2021-03-14 21:26:11,1.50009
/Users/arahman/TAINTPUP_REPOS/WIKIMEDIA/vagrant/puppet/modules/npm/manifests/install.pp,2021-03-14 21:26:12,1.50867
/Users/arahman/TAINTPUP_REPOS/WIKIMEDIA/vagrant/puppet/modules/npm/manifests/init.pp,2021-03-14 21:26:14,1.50366
/Users/arahman/TAINTPUP_REPOS/WIKIMEDIA/vagrant/puppet/modules/apache/manifests/env.pp,2021-03-14 21:26:15,1.51089
/Users/arahman/TAINTPUP_REPOS/WIKIMEDIA/vagrant/puppet/modules/apache/manifests/mod_conf.pp,2021-03-14 21:26:17,1.45991
/Users/arahman/TAINTPUP_REPOS/WIKIMEDIA/vagrant/puppet/modules/apache/manifests/conf.pp,2021-03-14 21:26:18,1.4606
/Users/arahman/TAINTPUP_REPOS/WIKIMEDIA/vagrant/puppet/modules/apache/manifests/def.pp,2021-03-14 21:26:20,1.42284
/Users/arahman/TAINTPUP_REPOS/WIKIMEDIA/vagrant/puppet/modules/apache/manifests/site.pp,2021-03-14 21:26:21,1.42411
/Users/arahman/TAINTPUP_REPOS/WIKIMEDIA/vagrant/puppet/modules/apache/manifests/reverse_proxy.pp,2021-03-14 21:26:23,1.42067
/Users/arahman/TAINTPUP_REPOS/WIKIMEDIA/vagrant/puppet/modules/apache/manifests/init.pp,2021-03-14 21:26:24,1.4363
/Users/arahman/TAINTPUP_REPOS/WIKIMEDIA/vagrant/puppet/modules/apache/manifests/site_conf.pp,2021-03-14 21:26:25,1.42518
/Users/arahman/TAINTPUP_REPOS/WIKIMEDIA/vagrant/puppet/modules/apache/manifests/mod/expires.pp,2021-03-14 21:26:27,1.41318
/Users/arahman/TAINTPUP_REPOS/WIKIMEDIA/vagrant/puppet/modules/apache/manifests/mod/authz_user.pp,2021-03-14 21:26:28,1.41916
/Users/arahman/TAINTPUP_REPOS/WIKIMEDIA/vagrant/puppet/modules/apache/manifests/mod/authz_svn.pp,2021-03-14 21:26:30,1.43459
/Users/arahman/TAINTPUP_REPOS/WIKIMEDIA/vagrant/puppet/modules/apache/manifests/mod/rpaf.pp,2021-03-14 21:26:31,1.41871
/Users/arahman/TAINTPUP_REPOS/WIKIMEDIA/vagrant/puppet/modules/apache/manifests/mod/alias.pp,2021-03-14 21:26:33,1.42236
/Users/arahman/TAINTPUP_REPOS/WIKIMEDIA/vagrant/puppet/modules/apache/manifests/mod/fcgid.pp,2021-03-14 21:26:34,1.40692
/Users/arahman/TAINTPUP_REPOS/WIKIMEDIA/vagrant/puppet/modules/apache/manifests/mod/userdir.pp,2021-03-14 21:26:35,1.39426
/Users/arahman/TAINTPUP_REPOS/WIKIMEDIA/vagrant/puppet/modules/apache/manifests/mod/uwsgi.pp,2021-03-14 21:26:37,1.38781
/Users/arahman/TAINTPUP_REPOS/WIKIMEDIA/vagrant/puppet/modules/apache/manifests/mod/cgi.pp,2021-03-14 21:26:38,1.42517
/Users/arahman/TAINTPUP_REPOS/WIKIMEDIA/vagrant/puppet/modules/apache/manifests/mod/perl.pp,2021-03-14 21:26:40,1.38354
/Users/arahman/TAINTPUP_REPOS/WIKIMEDIA/vagrant/puppet/modules/apache/manifests/mod/proxy.pp,2021-03-14 21:26:41,1.35288
/Users/arahman/TAINTPUP_REPOS/WIKIMEDIA/vagrant/puppet/modules/apache/manifests/mod/dav_fs.pp,2021-03-14 21:26:42,1.3786
/Users/arahman/TAINTPUP_REPOS/WIKIMEDIA/vagrant/puppet/modules/apache/manifests/mod/proxy_http.pp,2021-03-14 21:26:44,1.36801
/Users/arahman/TAINTPUP_REPOS/WIKIMEDIA/vagrant/puppet/modules/apache/manifests/mod/actions.pp,2021-03-14 21:26:45,1.35588
/Users/arahman/TAINTPUP_REPOS/WIKIMEDIA/vagrant/puppet/modules/apache/manifests/mod/authnz_ldap.pp,2021-03-14 21:26:46,1.37367
/Users/arahman/TAINTPUP_REPOS/WIKIMEDIA/vagrant/puppet/modules/apache/manifests/mod/auth_basic.pp,2021-03-14 21:26:48,1.42861
/Users/arahman/TAINTPUP_REPOS/WIKIMEDIA/vagrant/puppet/modules/apache/manifests/mod/proxy_fcgi.pp,2021-03-14 21:26:49,1.37934
/Users/arahman/TAINTPUP_REPOS/WIKIMEDIA/vagrant/puppet/modules/apache/manifests/mod/fastcgi.pp,2021-03-14 21:26:51,1.38122
/Users/arahman/TAINTPUP_REPOS/WIKIMEDIA/vagrant/puppet/modules/apache/manifests/mod/access_compat.pp,2021-03-14 21:26:52,1.38331
/Users/arahman/TAINTPUP_REPOS/WIKIMEDIA/vagrant/puppet/modules/apache/manifests/mod/python.pp,2021-03-14 21:26:53,1.39907
/Users/arahman/TAINTPUP_REPOS/WIKIMEDIA/vagrant/puppet/modules/apache/manifests/mod/wsgi_py3.pp,2021-03-14 21:26:55,1.37309
/Users/arahman/TAINTPUP_REPOS/WIKIMEDIA/vagrant/puppet/modules/apache/manifests/mod/filter.pp,2021-03-14 21:26:56,1.38776
/Users/arahman/TAINTPUP_REPOS/WIKIMEDIA/vagrant/puppet/modules/apache/manifests/mod/authn_file.pp,2021-03-14 21:26:57,1.38631
/Users/arahman/TAINTPUP_REPOS/WIKIMEDIA/vagrant/puppet/modules/apache/manifests/mod/proxy_balancer.pp,2021-03-14 21:26:59,1.37746
/Users/arahman/TAINTPUP_REPOS/WIKIMEDIA/vagrant/puppet/modules/apache/manifests/mod/php.pp,2021-03-14 21:27:00,1.37723
/Users/arahman/TAINTPUP_REPOS/WIKIMEDIA/vagrant/puppet/modules/apache/manifests/mod/headers.pp,2021-03-14 21:27:02,1.38435
/Users/arahman/TAINTPUP_REPOS/WIKIMEDIA/vagrant/puppet/modules/apache/manifests/mod/rewrite.pp,2021-03-14 21:27:03,1.38793
/Users/arahman/TAINTPUP_REPOS/WIKIMEDIA/vagrant/puppet/modules/apache/manifests/mod/ssl.pp,2021-03-14 21:27:04,1.38662
/Users/arahman/TAINTPUP_REPOS/WIKIMEDIA/vagrant/puppet/modules/apache/manifests/mod/dav.pp,2021-03-14 21:27:06,1.38082
/Users/arahman/TAINTPUP_REPOS/WIKIMEDIA/vagrant/puppet/modules/apache/manifests/mod/passenger.pp,2021-03-14 21:27:07,1.38809
/Users/arahman/TAINTPUP_REPOS/WIKIMEDIA/vagrant/puppet/modules/apache/manifests/mod/wsgi.pp,2021-03-14 21:27:09,1.36797
/Users/arahman/TAINTPUP_REPOS/WIKIMEDIA/vagrant/puppet/modules/ruby/manifests/bundle.pp,2021-03-14 21:27:10,1.42282
/Users/arahman/TAINTPUP_REPOS/WIKIMEDIA/vagrant/puppet/modules/ruby/manifests/init.pp,2021-03-14 21:27:11,1.40255
/Users/arahman/TAINTPUP_REPOS/WIKIMEDIA/vagrant/puppet/modules/git/manifests/gerrit.pp,2021-03-14 21:27:13,1.39589
/Users/arahman/TAINTPUP_REPOS/WIKIMEDIA/vagrant/puppet/modules/git/manifests/install.pp,2021-03-14 21:27:14,1.38518
/Users/arahman/TAINTPUP_REPOS/WIKIMEDIA/vagrant/puppet/modules/git/manifests/init.pp,2021-03-14 21:27:15,1.36624
/Users/arahman/TAINTPUP_REPOS/WIKIMEDIA/vagrant/puppet/modules/git/manifests/clone.pp,2021-03-14 21:27:17,1.40486
/Users/arahman/TAINTPUP_REPOS/WIKIMEDIA/vagrant/puppet/modules/contenttranslation/manifests/cxserver.pp,2021-03-14 21:27:18,1.3805
/Users/arahman/TAINTPUP_REPOS/WIKIMEDIA/vagrant/puppet/modules/contenttranslation/manifests/init.pp,2021-03-14 21:27:20,1.38142
/Users/arahman/TAINTPUP_REPOS/WIKIMEDIA/vagrant/puppet/modules/contenttranslation/manifests/wiki.pp,2021-03-14 21:27:21,1.36511
/Users/arahman/TAINTPUP_REPOS/WIKIMEDIA/vagrant/puppet/modules/haproxy/manifests/site.pp,2021-03-14 21:27:22,1.36473
/Users/arahman/TAINTPUP_REPOS/WIKIMEDIA/vagrant/puppet/modules/haproxy/manifests/init.pp,2021-03-14 21:27:24,1.36753
/Users/arahman/TAINTPUP_REPOS/WIKIMEDIA/vagrant/puppet/modules/motd/manifests/script.pp,2021-03-14 21:27:25,1.4067
/Users/arahman/TAINTPUP_REPOS/WIKIMEDIA/vagrant/puppet/modules/motd/manifests/init.pp,2021-03-14 21:27:27,1.38511
/Users/arahman/TAINTPUP_REPOS/WIKIMEDIA/translatewiki/puppet/site.pp,2021-03-14 21:27:28,1.38458
/Users/arahman/TAINTPUP_REPOS/WIKIMEDIA/translatewiki/puppet/modules/mariadb/manifests/init.pp,2021-03-14 21:27:29,1.4371
/Users/arahman/TAINTPUP_REPOS/WIKIMEDIA/translatewiki/puppet/modules/sshd/manifests/init.pp,2021-03-14 21:27:31,1.37104
/Users/arahman/TAINTPUP_REPOS/WIKIMEDIA/translatewiki/puppet/modules/kitanonl/manifests/init.pp,2021-03-14 21:27:32,1.36136
/Users/arahman/TAINTPUP_REPOS/WIKIMEDIA/translatewiki/puppet/modules/awstats/manifests/init.pp,2021-03-14 21:27:33,1.36953
/Users/arahman/TAINTPUP_REPOS/WIKIMEDIA/translatewiki/puppet/modules/logrotate/manifests/init.pp,2021-03-14 21:27:35,1.38367
/Users/arahman/TAINTPUP_REPOS/WIKIMEDIA/translatewiki/puppet/modules/wiki/manifests/init.pp,2021-03-14 21:27:36,1.38342
/Users/arahman/TAINTPUP_REPOS/WIKIMEDIA/translatewiki/puppet/modules/php/manifests/init.pp,2021-03-14 21:27:38,1.3723
/Users/arahman/TAINTPUP_REPOS/WIKIMEDIA/translatewiki/puppet/modules/mailmanconf/manifests/init.pp,2021-03-14 21:27:39,1.43252
/Users/arahman/TAINTPUP_REPOS/WIKIMEDIA/translatewiki/puppet/modules/memcached/manifests/init.pp,2021-03-14 21:27:41,1.48316
/Users/arahman/TAINTPUP_REPOS/WIKIMEDIA/translatewiki/puppet/modules/profile/manifests/mwelasticsearch.pp,2021-03-14 21:27:42,1.42671
/Users/arahman/TAINTPUP_REPOS/WIKIMEDIA/translatewiki/puppet/modules/nginx/manifests/sites.pp,2021-03-14 21:27:43,1.43895
/Users/arahman/TAINTPUP_REPOS/WIKIMEDIA/translatewiki/puppet/modules/nginx/manifests/init.pp,2021-03-14 21:27:45,1.37938
/Users/arahman/TAINTPUP_REPOS/WIKIMEDIA/translatewiki/puppet/modules/nginx/manifests/ssl.pp,2021-03-14 21:27:46,1.37605
/Users/arahman/TAINTPUP_REPOS/WIKIMEDIA/translatewiki/puppet/modules/users/manifests/init.pp,2021-03-14 21:27:48,1.46172
/Users/arahman/TAINTPUP_REPOS/WIKIMEDIA/translatewiki/puppet/modules/hostname/manifests/init.pp,2021-03-14 21:27:49,1.46626
/Users/arahman/TAINTPUP_REPOS/WIKIMEDIA/translatewiki/puppet/modules/sudo/manifests/init.pp,2021-03-14 21:27:51,1.46482
/Users/arahman/TAINTPUP_REPOS/WIKIMEDIA/translatewiki/puppet/modules/fcgiwrap/manifests/init.pp,2021-03-14 21:27:52,1.63977
/Users/arahman/TAINTPUP_REPOS/WIKIMEDIA/translatewiki/puppet/modules/backup/manifests/init.pp,2021-03-14 21:27:54,1.45435
/Users/arahman/TAINTPUP_REPOS/WIKIMEDIA/translatewiki/puppet/modules/eximconf/manifests/web1.pp,2021-03-14 21:27:55,1.39238
/Users/arahman/TAINTPUP_REPOS/WIKIMEDIA/translatewiki/puppet/modules/eximconf/manifests/es.pp,2021-03-14 21:27:56,1.47371
/Users/arahman/TAINTPUP_REPOS/WIKIMEDIA/translatewiki/puppet/modules/eximconf/manifests/init.pp,2021-03-14 21:27:58,1.42856
/Users/arahman/TAINTPUP_REPOS/WIKIMEDIA/translatewiki/puppet/modules/base/manifests/mediawiki.pp,2021-03-14 21:27:59,1.48039
/Users/arahman/TAINTPUP_REPOS/WIKIMEDIA/translatewiki/puppet/modules/base/manifests/web1.pp,2021-03-14 21:28:01,1.43621
/Users/arahman/TAINTPUP_REPOS/WIKIMEDIA/translatewiki/puppet/modules/base/manifests/vcs.pp,2021-03-14 21:28:02,1.44032
/Users/arahman/TAINTPUP_REPOS/WIKIMEDIA/translatewiki/puppet/modules/base/manifests/es.pp,2021-03-14 21:28:04,1.55
/Users/arahman/TAINTPUP_REPOS/WIKIMEDIA/translatewiki/puppet/modules/base/manifests/init.pp,2021-03-14 21:28:05,1.47513
/Users/arahman/TAINTPUP_REPOS/WIKIMEDIA/debs@puppet/test/data/snippets/singlequote.pp,2021-03-14 21:28:07,1.46735
/Users/arahman/TAINTPUP_REPOS/WIKIMEDIA/debs@puppet/test/data/snippets/singleary.pp,2021-03-14 21:28:08,1.43657
/Users/arahman/TAINTPUP_REPOS/WIKIMEDIA/debs@puppet/test/data/snippets/singleselector.pp,2021-03-14 21:28:10,1.40213
/Users/arahman/TAINTPUP_REPOS/WIKIMEDIA/debs@puppet/test/data/snippets/funccomma.pp,2021-03-14 21:28:11,1.40466
/Users/arahman/TAINTPUP_REPOS/WIKIMEDIA/debs@puppet/test/data/snippets/falsevalues.pp,2021-03-14 21:28:12,1.36744
/Users/arahman/TAINTPUP_REPOS/WIKIMEDIA/debs@puppet/test/data/snippets/emptyifelse.pp,2021-03-14 21:28:14,1.40175
/Users/arahman/TAINTPUP_REPOS/WIKIMEDIA/debs@puppet/test/data/snippets/defineoverrides.pp,2021-03-14 21:28:15,1.41425
/Users/arahman/TAINTPUP_REPOS/WIKIMEDIA/debs@puppet/test/data/snippets/emptyexec.pp,2021-03-14 21:28:17,1.36767
/Users/arahman/TAINTPUP_REPOS/WIKIMEDIA/debs@puppet/test/data/snippets/arithmetic_expression.pp,2021-03-14 21:28:18,1.36816
/Users/arahman/TAINTPUP_REPOS/WIKIMEDIA/debs@puppet/test/data/snippets/multipleclass.pp,2021-03-14 21:28:19,1.36377
/Users/arahman/TAINTPUP_REPOS/WIKIMEDIA/debs@puppet/test/data/snippets/emptyclass.pp,2021-03-14 21:28:21,1.41895
/Users/arahman/TAINTPUP_REPOS/WIKIMEDIA/debs@puppet/test/data/snippets/casestatement.pp,2021-03-14 21:28:22,1.39006
/Users/arahman/TAINTPUP_REPOS/WIKIMEDIA/debs@puppet/test/data/snippets/arraytrailingcomma.pp,2021-03-14 21:28:23,1.3623
/Users/arahman/TAINTPUP_REPOS/WIKIMEDIA/debs@puppet/test/data/snippets/hash.pp,2021-03-14 21:28:25,1.37313
/Users/arahman/TAINTPUP_REPOS/WIKIMEDIA/debs@puppet/test/data/snippets/fqdefinition.pp,2021-03-14 21:28:26,1.37212
/Users/arahman/TAINTPUP_REPOS/WIKIMEDIA/debs@puppet/test/data/snippets/virtualresources.pp,2021-03-14 21:28:28,1.41361
/Users/arahman/TAINTPUP_REPOS/WIKIMEDIA/debs@puppet/test/data/snippets/componentrequire.pp,2021-03-14 21:28:29,1.37345
/Users/arahman/TAINTPUP_REPOS/WIKIMEDIA/debs@puppet/test/data/snippets/subclass_name_duplication.pp,2021-03-14 21:28:30,1.38746
/Users/arahman/TAINTPUP_REPOS/WIKIMEDIA/debs@puppet/test/data/snippets/fqparents.pp,2021-03-14 21:28:32,1.37241
/Users/arahman/TAINTPUP_REPOS/WIKIMEDIA/debs@puppet/test/data/snippets/componentmetaparams.pp,2021-03-14 21:28:33,1.40846
/Users/arahman/TAINTPUP_REPOS/WIKIMEDIA/debs@puppet/test/data/snippets/aliastest.pp,2021-03-14 21:28:35,1.49002
/Users/arahman/TAINTPUP_REPOS/WIKIMEDIA/debs@puppet/test/data/snippets/multisubs.pp,2021-03-14 21:28:36,1.52062
/Users/arahman/TAINTPUP_REPOS/WIKIMEDIA/debs@puppet/test/data/snippets/deepclassheirarchy.pp,2021-03-14 21:28:38,1.47982
/Users/arahman/TAINTPUP_REPOS/WIKIMEDIA/debs@puppet/test/data/snippets/collection.pp,2021-03-14 21:28:39,1.52353
/Users/arahman/TAINTPUP_REPOS/WIKIMEDIA/debs@puppet/test/data/snippets/classincludes.pp,2021-03-14 21:28:41,1.48343
/Users/arahman/TAINTPUP_REPOS/WIKIMEDIA/debs@puppet/test/data/snippets/classheirarchy.pp,2021-03-14 21:28:42,1.47577
/Users/arahman/TAINTPUP_REPOS/WIKIMEDIA/debs@puppet/test/data/snippets/tagged.pp,2021-03-14 21:28:44,1.55007
/Users/arahman/TAINTPUP_REPOS/WIKIMEDIA/debs@puppet/test/data/snippets/multilinecomments.pp,2021-03-14 21:28:45,1.49083
/Users/arahman/TAINTPUP_REPOS/WIKIMEDIA/debs@puppet/test/data/snippets/append.pp,2021-03-14 21:28:47,1.58056
/Users/arahman/TAINTPUP_REPOS/WIKIMEDIA/debs@puppet/test/data/snippets/ifexpression.pp,2021-03-14 21:28:48,1.55347
/Users/arahman/TAINTPUP_REPOS/WIKIMEDIA/debs@puppet/test/data/snippets/collection_within_virtual_definitions.pp,2021-03-14 21:28:50,1.47823
/Users/arahman/TAINTPUP_REPOS/WIKIMEDIA/debs@puppet/test/data/snippets/collection_override.pp,2021-03-14 21:28:51,1.46868
/Users/arahman/TAINTPUP_REPOS/WIKIMEDIA/debs@puppet/test/data/snippets/selectorvalues.pp,2021-03-14 21:28:53,1.48383
/Users/arahman/TAINTPUP_REPOS/WIKIMEDIA/debs@puppet/test/data/snippets/tag.pp,2021-03-14 21:28:54,1.47471
/Users/arahman/TAINTPUP_REPOS/WIKIMEDIA/debs@puppet/ext/rack/manifest.pp,2021-03-14 21:28:56,1.4882
/Users/arahman/TAINTPUP_REPOS/WIKIMEDIA/debs@puppet/spec/fixtures/unit/util/rdoc/basic.pp,2021-03-14 21:28:57,1.45688
/Users/arahman/TAINTPUP_REPOS/WIKIMEDIA/debs@puppet/spec/fixtures/unit/parser/lexer/singlequote.pp,2021-03-14 21:28:59,1.48548
/Users/arahman/TAINTPUP_REPOS/WIKIMEDIA/debs@puppet/spec/fixtures/unit/parser/lexer/singleary.pp,2021-03-14 21:29:00,1.46914
/Users/arahman/TAINTPUP_REPOS/WIKIMEDIA/debs@puppet/spec/fixtures/unit/parser/lexer/singleselector.pp,2021-03-14 21:29:02,1.43901
/Users/arahman/TAINTPUP_REPOS/WIKIMEDIA/debs@puppet/spec/fixtures/unit/parser/lexer/scopetest.pp,2021-03-14 21:29:03,1.58802
/Users/arahman/TAINTPUP_REPOS/WIKIMEDIA/debs@puppet/spec/fixtures/unit/parser/lexer/funccomma.pp,2021-03-14 21:29:05,1.43685
/Users/arahman/TAINTPUP_REPOS/WIKIMEDIA/debs@puppet/spec/fixtures/unit/parser/lexer/namevartest.pp,2021-03-14 21:29:06,1.44837
/Users/arahman/TAINTPUP_REPOS/WIKIMEDIA/debs@puppet/spec/fixtures/unit/parser/lexer/falsevalues.pp,2021-03-14 21:29:07,1.45645
/Users/arahman/TAINTPUP_REPOS/WIKIMEDIA/debs@puppet/spec/fixtures/unit/parser/lexer/emptyifelse.pp,2021-03-14 21:29:09,1.45246
/Users/arahman/TAINTPUP_REPOS/WIKIMEDIA/debs@puppet/spec/fixtures/unit/parser/lexer/defineoverrides.pp,2021-03-14 21:29:10,1.51907
/Users/arahman/TAINTPUP_REPOS/WIKIMEDIA/debs@puppet/spec/fixtures/unit/parser/lexer/emptyexec.pp,2021-03-14 21:29:12,1.55352
/Users/arahman/TAINTPUP_REPOS/WIKIMEDIA/debs@puppet/spec/fixtures/unit/parser/lexer/arithmetic_expression.pp,2021-03-14 21:29:14,1.49036
/Users/arahman/TAINTPUP_REPOS/WIKIMEDIA/debs@puppet/spec/fixtures/unit/parser/lexer/simpledefaults.pp,2021-03-14 21:29:15,1.55516
/Users/arahman/TAINTPUP_REPOS/WIKIMEDIA/debs@puppet/spec/fixtures/unit/parser/lexer/multipleclass.pp,2021-03-14 21:29:17,1.48987
/Users/arahman/TAINTPUP_REPOS/WIKIMEDIA/debs@puppet/spec/fixtures/unit/parser/lexer/emptyclass.pp,2021-03-14 21:29:18,1.57088
/Users/arahman/TAINTPUP_REPOS/WIKIMEDIA/debs@puppet/spec/fixtures/unit/parser/lexer/casestatement.pp,2021-03-14 21:29:20,1.50561
/Users/arahman/TAINTPUP_REPOS/WIKIMEDIA/debs@puppet/spec/fixtures/unit/parser/lexer/filecreate.pp,2021-03-14 21:29:21,1.5341
/Users/arahman/TAINTPUP_REPOS/WIKIMEDIA/debs@puppet/spec/fixtures/unit/parser/lexer/arraytrailingcomma.pp,2021-03-14 21:29:23,1.48891
/Users/arahman/TAINTPUP_REPOS/WIKIMEDIA/debs@puppet/spec/fixtures/unit/parser/lexer/hash.pp,2021-03-14 21:29:24,1.48493
/Users/arahman/TAINTPUP_REPOS/WIKIMEDIA/debs@puppet/spec/fixtures/unit/parser/lexer/fqdefinition.pp,2021-03-14 21:29:26,1.47741
/Users/arahman/TAINTPUP_REPOS/WIKIMEDIA/debs@puppet/spec/fixtures/unit/parser/lexer/virtualresources.pp,2021-03-14 21:29:27,1.51983
/Users/arahman/TAINTPUP_REPOS/WIKIMEDIA/debs@puppet/spec/fixtures/unit/parser/lexer/componentrequire.pp,2021-03-14 21:29:29,1.52518
/Users/arahman/TAINTPUP_REPOS/WIKIMEDIA/debs@puppet/spec/fixtures/unit/parser/lexer/subclass_name_duplication.pp,2021-03-14 21:29:30,1.4518
/Users/arahman/TAINTPUP_REPOS/WIKIMEDIA/debs@puppet/spec/fixtures/unit/parser/lexer/fqparents.pp,2021-03-14 21:29:32,1.44714
/Users/arahman/TAINTPUP_REPOS/WIKIMEDIA/debs@puppet/spec/fixtures/unit/parser/lexer/componentmetaparams.pp,2021-03-14 21:29:33,1.44637
/Users/arahman/TAINTPUP_REPOS/WIKIMEDIA/debs@puppet/spec/fixtures/unit/parser/lexer/argumentdefaults.pp,2021-03-14 21:29:34,1.39399
/Users/arahman/TAINTPUP_REPOS/WIKIMEDIA/debs@puppet/spec/fixtures/unit/parser/lexer/aliastest.pp,2021-03-14 21:29:36,1.40388
/Users/arahman/TAINTPUP_REPOS/WIKIMEDIA/debs@puppet/spec/fixtures/unit/parser/lexer/multisubs.pp,2021-03-14 21:29:37,1.39476
/Users/arahman/TAINTPUP_REPOS/WIKIMEDIA/debs@puppet/spec/fixtures/unit/parser/lexer/deepclassheirarchy.pp,2021-03-14 21:29:39,1.40594
/Users/arahman/TAINTPUP_REPOS/WIKIMEDIA/debs@puppet/spec/fixtures/unit/parser/lexer/collection.pp,2021-03-14 21:29:40,1.40008
/Users/arahman/TAINTPUP_REPOS/WIKIMEDIA/debs@puppet/spec/fixtures/unit/parser/lexer/simpleselector.pp,2021-03-14 21:29:41,1.39923
/Users/arahman/TAINTPUP_REPOS/WIKIMEDIA/debs@puppet/spec/fixtures/unit/parser/lexer/implicititeration.pp,2021-03-14 21:29:43,1.41056
/Users/arahman/TAINTPUP_REPOS/WIKIMEDIA/debs@puppet/spec/fixtures/unit/parser/lexer/classincludes.pp,2021-03-14 21:29:44,1.40066
/Users/arahman/TAINTPUP_REPOS/WIKIMEDIA/debs@puppet/spec/fixtures/unit/parser/lexer/classpathtest.pp,2021-03-14 21:29:46,1.41629
/Users/arahman/TAINTPUP_REPOS/WIKIMEDIA/debs@puppet/spec/fixtures/unit/parser/lexer/classheirarchy.pp,2021-03-14 21:29:47,1.46797
/Users/arahman/TAINTPUP_REPOS/WIKIMEDIA/debs@puppet/spec/fixtures/unit/parser/lexer/tagged.pp,2021-03-14 21:29:49,1.51213
/Users/arahman/TAINTPUP_REPOS/WIKIMEDIA/debs@puppet/spec/fixtures/unit/parser/lexer/multilinecomments.pp,2021-03-14 21:29:50,1.53287
/Users/arahman/TAINTPUP_REPOS/WIKIMEDIA/debs@puppet/spec/fixtures/unit/parser/lexer/append.pp,2021-03-14 21:29:52,1.50588
/Users/arahman/TAINTPUP_REPOS/WIKIMEDIA/debs@puppet/spec/fixtures/unit/parser/lexer/ifexpression.pp,2021-03-14 21:29:53,1.65254
/Users/arahman/TAINTPUP_REPOS/WIKIMEDIA/debs@puppet/spec/fixtures/unit/parser/lexer/collection_within_virtual_definitions.pp,2021-03-14 21:29:55,1.56663
/Users/arahman/TAINTPUP_REPOS/WIKIMEDIA/debs@puppet/spec/fixtures/unit/parser/lexer/collection_override.pp,2021-03-14 21:29:56,1.51681
/Users/arahman/TAINTPUP_REPOS/WIKIMEDIA/debs@puppet/spec/fixtures/unit/parser/lexer/multipleinstances.pp,2021-03-14 21:29:58,1.52028
/Users/arahman/TAINTPUP_REPOS/WIKIMEDIA/debs@puppet/spec/fixtures/unit/parser/lexer/selectorvalues.pp,2021-03-14 21:29:59,1.51453
/Users/arahman/TAINTPUP_REPOS/WIKIMEDIA/debs@puppet/spec/fixtures/unit/parser/lexer/tag.pp,2021-03-14 21:30:01,1.53917
/Users/arahman/TAINTPUP_REPOS/WIKIMEDIA/debs@puppet/examples/mac_pkgdmg.pp,2021-03-14 21:30:03,1.54611
/Users/arahman/TAINTPUP_REPOS/WIKIMEDIA/debs@puppet/examples/mac_dscl_revert.pp,2021-03-14 21:30:04,1.62314
/Users/arahman/TAINTPUP_REPOS/WIKIMEDIA/debs@puppet/examples/mcx_dock_invalid.pp,2021-03-14 21:30:06,1.59986
/Users/arahman/TAINTPUP_REPOS/WIKIMEDIA/debs@puppet/examples/mac_dscl.pp,2021-03-14 21:30:07,1.5337
/Users/arahman/TAINTPUP_REPOS/WIKIMEDIA/debs@puppet/examples/mcx_dock_full.pp,2021-03-14 21:30:09,1.53065
/Users/arahman/TAINTPUP_REPOS/WIKIMEDIA/debs@puppet/examples/mcx_notexists_absent.pp,2021-03-14 21:30:10,1.51147
/Users/arahman/TAINTPUP_REPOS/WIKIMEDIA/debs@puppet/examples/mcx_nogroup.pp,2021-03-14 21:30:12,1.50454
/Users/arahman/TAINTPUP_REPOS/WIKIMEDIA/debs@puppet/examples/mac_automount.pp,2021-03-14 21:30:13,1.49313
/Users/arahman/TAINTPUP_REPOS/WIKIMEDIA/debs@puppet/examples/mcx_dock_absent.pp,2021-03-14 21:30:15,1.44164
/Users/arahman/TAINTPUP_REPOS/WIKIMEDIA/debs@puppet/examples/mcx_dock_default.pp,2021-03-14 21:30:16,1.43795
/Users/arahman/TAINTPUP_REPOS/WIKIMEDIA/debs@puppet/examples/modules/sample-module.pp,2021-03-14 21:30:18,1.44258
/Users/arahman/TAINTPUP_REPOS/WIKIMEDIA/debs@puppet/examples/modules/sample-module/manifests/init.pp,2021-03-14 21:30:19,1.46858
/Users/arahman/TAINTPUP_REPOS/WIKIMEDIA/cdh/manifests/sqoop.pp,2021-03-14 21:30:21,1.44642
/Users/arahman/TAINTPUP_REPOS/WIKIMEDIA/cdh/manifests/hadoop.pp,2021-03-14 21:30:22,1.44726
/Users/arahman/TAINTPUP_REPOS/WIKIMEDIA/cdh/manifests/alternative.pp,2021-03-14 21:30:23,1.41069
/Users/arahman/TAINTPUP_REPOS/WIKIMEDIA/cdh/manifests/hive.pp,2021-03-14 21:30:25,1.43124
/Users/arahman/TAINTPUP_REPOS/WIKIMEDIA/cdh/manifests/hue.pp,2021-03-14 21:30:26,1.4321
/Users/arahman/TAINTPUP_REPOS/WIKIMEDIA/cdh/manifests/oozie.pp,2021-03-14 21:30:28,1.39419
/Users/arahman/TAINTPUP_REPOS/WIKIMEDIA/cdh/manifests/pig.pp,2021-03-14 21:30:29,1.40551
/Users/arahman/TAINTPUP_REPOS/WIKIMEDIA/cdh/manifests/mahout.pp,2021-03-14 21:30:30,1.42183
/Users/arahman/TAINTPUP_REPOS/WIKIMEDIA/cdh/manifests/impala.pp,2021-03-14 21:30:32,1.49336
/Users/arahman/TAINTPUP_REPOS/WIKIMEDIA/cdh/manifests/spark.pp,2021-03-14 21:30:33,1.47286
/Users/arahman/TAINTPUP_REPOS/WIKIMEDIA/cdh/manifests/impala/worker.pp,2021-03-14 21:30:35,1.50977
/Users/arahman/TAINTPUP_REPOS/WIKIMEDIA/cdh/manifests/impala/config.pp,2021-03-14 21:30:36,1.49655
/Users/arahman/TAINTPUP_REPOS/WIKIMEDIA/cdh/manifests/impala/master.pp,2021-03-14 21:30:38,1.4904
/Users/arahman/TAINTPUP_REPOS/WIKIMEDIA/cdh/manifests/oozie/server.pp,2021-03-14 21:30:40,1.5523
/Users/arahman/TAINTPUP_REPOS/WIKIMEDIA/cdh/manifests/oozie/defaults.pp,2021-03-14 21:30:41,1.4817
/Users/arahman/TAINTPUP_REPOS/WIKIMEDIA/cdh/manifests/oozie/database/mysql.pp,2021-03-14 21:30:42,1.48062
/Users/arahman/TAINTPUP_REPOS/WIKIMEDIA/cdh/manifests/oozie/database/mysql/grant.pp,2021-03-14 21:30:44,1.47855
/Users/arahman/TAINTPUP_REPOS/WIKIMEDIA/cdh/manifests/hadoop/worker.pp,2021-03-14 21:30:45,1.51833
/Users/arahman/TAINTPUP_REPOS/WIKIMEDIA/cdh/manifests/hadoop/nodemanager.pp,2021-03-14 21:30:47,1.51687
/Users/arahman/TAINTPUP_REPOS/WIKIMEDIA/cdh/manifests/hadoop/resourcemanager.pp,2021-03-14 21:30:49,1.53446
/Users/arahman/TAINTPUP_REPOS/WIKIMEDIA/cdh/manifests/hadoop/users.pp,2021-03-14 21:30:50,1.5919
/Users/arahman/TAINTPUP_REPOS/WIKIMEDIA/cdh/manifests/hadoop/httpfs.pp,2021-03-14 21:30:52,1.60521
/Users/arahman/TAINTPUP_REPOS/WIKIMEDIA/cdh/manifests/hadoop/datanode.pp,2021-03-14 21:30:53,1.54671
/Users/arahman/TAINTPUP_REPOS/WIKIMEDIA/cdh/manifests/hadoop/namenode.pp,2021-03-14 21:30:55,1.6569
/Users/arahman/TAINTPUP_REPOS/WIKIMEDIA/cdh/manifests/hadoop/master.pp,2021-03-14 21:30:56,1.5436
/Users/arahman/TAINTPUP_REPOS/WIKIMEDIA/cdh/manifests/hadoop/historyserver.pp,2021-03-14 21:30:58,1.68327
/Users/arahman/TAINTPUP_REPOS/WIKIMEDIA/cdh/manifests/hadoop/defaults.pp,2021-03-14 21:31:00,1.68036
/Users/arahman/TAINTPUP_REPOS/WIKIMEDIA/cdh/manifests/hadoop/mount.pp,2021-03-14 21:31:01,1.58338
/Users/arahman/TAINTPUP_REPOS/WIKIMEDIA/cdh/manifests/hadoop/directory.pp,2021-03-14 21:31:03,1.52248
/Users/arahman/TAINTPUP_REPOS/WIKIMEDIA/cdh/manifests/hadoop/journalnode.pp,2021-03-14 21:31:04,1.53891
/Users/arahman/TAINTPUP_REPOS/WIKIMEDIA/cdh/manifests/hadoop/namenode/standby.pp,2021-03-14 21:31:06,1.52098
/Users/arahman/TAINTPUP_REPOS/WIKIMEDIA/cdh/manifests/hadoop/namenode/primary.pp,2021-03-14 21:31:08,1.5371
/Users/arahman/TAINTPUP_REPOS/WIKIMEDIA/cdh/manifests/hadoop/jmxtrans/worker.pp,2021-03-14 21:31:09,1.55233
/Users/arahman/TAINTPUP_REPOS/WIKIMEDIA/cdh/manifests/hadoop/jmxtrans/nodemanager.pp,2021-03-14 21:31:11,1.54073
/Users/arahman/TAINTPUP_REPOS/WIKIMEDIA/cdh/manifests/hadoop/jmxtrans/resourcemanager.pp,2021-03-14 21:31:12,1.55091
/Users/arahman/TAINTPUP_REPOS/WIKIMEDIA/cdh/manifests/hadoop/jmxtrans/datanode.pp,2021-03-14 21:31:14,1.47344
/Users/arahman/TAINTPUP_REPOS/WIKIMEDIA/cdh/manifests/hadoop/jmxtrans/namenode.pp,2021-03-14 21:31:15,1.51703
/Users/arahman/TAINTPUP_REPOS/WIKIMEDIA/cdh/manifests/hadoop/jmxtrans/master.pp,2021-03-14 21:31:17,1.48543
/Users/arahman/TAINTPUP_REPOS/WIKIMEDIA/cdh/manifests/hadoop/jmxtrans/historyserver.pp,2021-03-14 21:31:18,1.50426
/Users/arahman/TAINTPUP_REPOS/WIKIMEDIA/cdh/manifests/hadoop/worker/paths.pp,2021-03-14 21:31:20,1.44581
/Users/arahman/TAINTPUP_REPOS/WIKIMEDIA/cdh/manifests/hive/server.pp,2021-03-14 21:31:21,1.51933
/Users/arahman/TAINTPUP_REPOS/WIKIMEDIA/cdh/manifests/hive/defaults.pp,2021-03-14 21:31:23,1.48759
/Users/arahman/TAINTPUP_REPOS/WIKIMEDIA/cdh/manifests/hive/metastore.pp,2021-03-14 21:31:24,1.50457
/Users/arahman/TAINTPUP_REPOS/WIKIMEDIA/cdh/manifests/hive/jmxtrans/server.pp,2021-03-14 21:31:26,1.45547
/Users/arahman/TAINTPUP_REPOS/WIKIMEDIA/cdh/manifests/hive/jmxtrans/metastore.pp,2021-03-14 21:31:27,1.44224
/Users/arahman/TAINTPUP_REPOS/WIKIMEDIA/cdh/manifests/hive/metastore/mysql.pp,2021-03-14 21:31:29,1.52397
/Users/arahman/TAINTPUP_REPOS/WIKIMEDIA/cdh/manifests/hive/metastore/mysql/jar.pp,2021-03-14 21:31:30,1.43811
/Users/arahman/TAINTPUP_REPOS/WIKIMEDIA/cdh/manifests/hive/metastore/mysql/grant.pp,2021-03-14 21:31:31,1.43669
/Users/arahman/TAINTPUP_REPOS/WIKIMEDIA/cdh/manifests/hue/defaults.pp,2021-03-14 21:31:33,1.45297
/Users/arahman/TAINTPUP_REPOS/WIKIMEDIA/cdh/manifests/spark/worker.pp,2021-03-14 21:31:34,1.43779
/Users/arahman/TAINTPUP_REPOS/WIKIMEDIA/cdh/manifests/spark/master.pp,2021-03-14 21:31:36,1.48535
/Users/arahman/TAINTPUP_REPOS/WIKIMEDIA/mesos/manifests/service.pp,2021-03-14 21:31:37,1.49398
/Users/arahman/TAINTPUP_REPOS/WIKIMEDIA/mesos/manifests/config.pp,2021-03-14 21:31:39,1.45995
/Users/arahman/TAINTPUP_REPOS/WIKIMEDIA/mesos/manifests/property.pp,2021-03-14 21:31:40,1.5183
/Users/arahman/TAINTPUP_REPOS/WIKIMEDIA/mesos/manifests/master.pp,2021-03-14 21:31:42,1.50824
/Users/arahman/TAINTPUP_REPOS/WIKIMEDIA/mesos/manifests/slave.pp,2021-03-14 21:31:43,1.50536
/Users/arahman/TAINTPUP_REPOS/WIKIMEDIA/mesos/manifests/repo.pp,2021-03-14 21:31:45,1.58319
/Users/arahman/TAINTPUP_REPOS/WIKIMEDIA/mesos/manifests/install.pp,2021-03-14 21:31:46,1.49614
/Users/arahman/TAINTPUP_REPOS/WIKIMEDIA/mesos/manifests/init.pp,2021-03-14 21:31:48,1.48886
